Version 165 32
{
	Locked False
	Skinned False
	BoneCount 0
	Mask 255
	Bounds
	{
		Aabb
		{
			Min -7.20532600 -3.86993800 -2.51336300
			Max 7.20532600 3.86993800 2.51336200
		}
		Aabb
		{
			Min -7.20532600 -3.61274000 -2.51336300
			Max 7.20532600 3.86993800 2.51336200
		}
		Aabb
		{
			Min -7.04004700 -3.86993800 -2.51336300
			Max 6.97724200 3.37297900 2.25627100
		}
		Aabb
		{
			Min -7.04004700 -3.37834600 -2.27813900
			Max 6.97724200 3.37297900 2.02816100
		}
	}
	Geometries
	{
		Geometry
		{
			ShaderIndex 0
			Flags -
			VertexDeclaration N51263BB5
			Indices 642
			{
				0 152 233 390 388 314 392 391 352 364 376 393 516 396 395
				398 111 397 625 401 399 58 402 403 97 404 405 407 408 109
				122 124 125 410 409 131 140 153 165 177 413 412 190 414 415
				199 416 417 419 420 201 202 209 215 423 421 220 235 240 241
				251 425 424 263 426 427 428 429 275 287 299 305 432 431 313
				315 318 319 435 434 326 328 329 337 437 436 347 350 351 353
				439 438 354 441 440 355 446 443 357 448 447 358 450 449 359
				452 451 360 454 453 361 458 457 362 363 365 366 460 459 368
				369 461 462 370 371 372 373 464 463 374 465 466 469 470 375
				377 379 380 381 472 471 473 474 382 383 384 385 386 476 475
				477 479 387 394 406 418 482 481 430 442 483 455 484 486 485
				488 487 468 480 492 504 493 491 490 517 494 495 497 498 496
				499 501 523 528 503 502 540 505 506 543 507 508 553 509 510
				512 513 558 568 580 592 515 514 222 45 167 289 519 518 411
				533 589 600 521 520 613 98 99 101 525 524 102 103 104 105
				527 526 106 529 107 530 108 532 531 110 534 535 536 537 113
				114 115 116 539 538 117 118 119 120 542 541 121 126 127 128
				546 545 129 547 548 130 549 551 550 557 554 552 559 132 560
				133 562 561 563 564 135 136 137 138 566 565 139 141 570 569
				572 573 571 574 575 142 577 576 143 581 579 144 583 582 146
				585 584 147 148 587 586 588 591 590 594 593 149 595 596 150
				597 151 598 602 599 601 154 155 157 158 333 603 444 555 159
				609 160 620 1 631 161 34 12 23 67 56 162 89 78 163
				100 164 112 145 134 123 156 166 178 200 189 168 211 169 223
				234 170 245 256 267 278 171 172 173 311 300 174 175 322 176
				356 334 345 367 378 389 422 433 400 179 180 181 456 445 182
				183 184 185 478 467 186 187 188 191 500 489 192 511 193 194
				556 544 522 195 196 197 578 567 198 203 204 205 605 604 206
				207 607 606 608 611 610 208 612 614 615 616 617 210 212 213
				619 618 214 216 217 218 219 622 621 623 624 221 626 224 225
				627 226 628 629 630 632 227 228 229 634 633 230 636 635 231
				232 638 637 236 639 640 641 2 237 3 238 239 4 5 6
				7 8 242 243 244 246 10 9 247 248 249 250 13 11 252
				253 254 14 16 15 255 257 258 259 18 17 260 261 262 264
				20 19 265 266 268 269 22 21 270 271 272 273 25 24 274
				276 277 279 27 26 280 281 282 283 30 29 28 284 285 286
				32 31 288 290 291 292 35 33 293 36 294 295 37 296 38
				39 297 40 41 298 42 43 44 46 301 302 303 48 47 304
				306 49 50 51 52 307 308 309 310 54 53 312 316 57 55
				59 60 317 61 320 62 65 64 63 321 323 324 68 66 325
				327 69 70 71 72 73 74 76 75 77 79 80 81 82 83
				330 331 332 85 84 335 87 86 336 90 88 338 339 340 341
				92 91 342 93 94 343 344 346 348 96 95 349
			}
			Vertices 642
			{
				-6.62267200 3.37297900 2.51336200 / 0.00000000 0.00000000 1.00000000 / 255 0 0 255 / -0.20978870 -0.93579260 / 1.00000000 0.00000000 0.00000000 1.00000000
				7.20532600 3.86993800 -2.51336300 / 0.00000000 1.00000000 0.00000000 / 255 0 0 255 / -0.27223490 0.00037260 / -1.00000000 0.00000000 0.00000000 1.00000000
				6.46604900 -3.61274000 -2.51336300 / 0.00000000 -1.00000000 0.00000000 / 255 0 0 255 / 1.19300200 0.00037260 / 1.00000000 0.00000000 0.00000000 1.00000000
				6.55986700 -2.26194900 -2.51336300 / 0.00000000 0.00000000 1.00000000 / 255 0 0 255 / 1.20305700 -0.20775370 / 1.00000000 0.00000000 0.00000000 1.00000000
				6.55986700 -2.26194900 -2.51336300 / 0.00000000 0.00000000 1.00000000 / 255 0 0 255 / 1.20305700 -0.20775370 / 1.00000000 0.00000020 0.00000000 1.00000000
				-6.52885400 -3.61274000 -2.51336300 / 0.00000000 0.00000000 1.00000000 / 255 0 0 255 / -0.19973390 -0.03323050 / 1.00000000 0.00000020 0.00000000 1.00000000
				6.46604900 -3.61274000 -2.51336300 / 0.00000000 0.00000000 1.00000000 / 255 0 0 255 / 1.19300200 -0.03323010 / 1.00000000 0.00000020 0.00000000 1.00000000
				6.55986700 -2.26194900 -2.51336300 / 1.00000000 0.00000000 0.00000000 / 255 0 0 255 / 0.20775370 0.00037260 / 1.00000000 0.00000000 0.00000000 1.00000000
				6.55986700 -3.61274000 -2.51336300 / 1.00000000 0.00000000 0.00000000 / 255 0 0 255 / 0.03323010 0.00037260 / 1.00000000 0.00000000 0.00000000 1.00000000
				6.55986700 -3.37834600 -2.51336300 / 1.00000000 0.00000000 0.00000000 / 255 0 0 255 / 0.06351400 0.00037260 / 0.00000000 1.00000000 0.00000000 1.00000000
				6.55986700 -3.61274000 -2.27813900 / 1.00000000 0.00000000 0.00000000 / 255 0 0 255 / 0.03323010 -0.04645690 / 0.00000000 1.00000000 0.00000000 1.00000000
				6.55986700 -3.37834600 -2.51336300 / 0.00000000 -1.00000000 0.00000000 / 255 0 0 255 / 1.20305700 0.00037260 / 1.00000000 0.00000000 0.00000000 1.00000000
				-7.04004700 3.86993800 -2.48345000 / 0.00000000 1.00000000 0.00000000 / 255 0 0 255 / 1.25452100 -0.00558250 / -1.00000000 0.00000000 0.00000000 1.00000000
				6.97724200 -3.37834600 -2.27813900 / 0.00000000 -1.00000000 0.00000000 / 255 0 0 255 / 1.24779000 -0.04645690 / 1.00000000 0.00000000 0.00000000 1.00000000
				6.55986700 -3.37834600 -2.51336300 / 0.00000000 0.00000000 1.00000000 / 255 0 0 255 / 1.20305700 -0.06351400 / 1.00000000 0.00000190 0.00000000 1.00000000
				6.97724200 -3.37834600 -2.51336300 / 0.00000000 0.00000000 1.00000000 / 255 0 0 255 / 1.24779000 -0.06351390 / 1.00000000 0.00000170 0.00000000 1.00000000
				6.55986700 -3.12670100 -2.51336300 / 0.00000000 0.00000000 1.00000000 / 255 0 0 255 / 1.20305700 -0.09602680 / 1.00000000 0.00000170 0.00000000 1.00000000
				6.97724200 -3.12670100 -2.51336300 / 1.00000000 0.00000000 0.00000000 / 255 0 0 255 / 0.09602671 0.00037260 / 0.00000000 1.00000000 0.00000000 1.00000000
				6.97724200 -3.37834600 -2.27813900 / 1.00000000 0.00000000 0.00000000 / 255 0 0 255 / 0.06351390 -0.04645690 / 0.00000000 1.00000000 0.00000000 1.00000000
				6.97724200 -3.12670100 -2.51336300 / 0.00000000 1.00000000 0.00000000 / 255 0 0 255 / -0.24778950 0.00037260 / -1.00000000 0.00000000 0.00000000 1.00000000
				6.55986700 -3.12670100 -2.27813900 / 0.00000000 1.00000000 0.00000000 / 255 0 0 255 / -0.20305710 -0.04645690 / -1.00000000 0.00000000 0.00000000 1.00000000
				6.55986700 -2.82204000 -2.51336300 / 1.00000000 0.00000000 0.00000000 / 255 0 0 255 / 0.13538930 0.00037260 / 0.00000000 1.00000000 0.00000000 1.00000000
				6.55986700 -3.12670100 -2.27813900 / 1.00000000 0.00000000 0.00000000 / 255 0 0 255 / 0.09602680 -0.04645690 / 0.00000000 1.00000000 0.00000000 1.00000000
				-7.04004700 3.86993800 -2.27813900 / 0.00000000 1.00000000 0.00000000 / 255 0 0 255 / 1.25452100 -0.04645690 / -1.00000000 0.00000000 0.00000000 1.00000000
				6.55986700 -2.82204000 -2.51336300 / 0.00000000 -1.00000000 0.00000000 / 255 0 0 255 / 1.20305700 0.00037260 / 1.00000000 0.00000000 0.00000000 1.00000000
				6.97724200 -2.82204000 -2.27813900 / 0.00000000 -1.00000000 0.00000000 / 255 0 0 255 / 1.24779000 -0.04645690 / 1.00000000 0.00000000 0.00000000 1.00000000
				6.97724200 -2.82204000 -2.51336300 / 0.00000000 0.00000000 1.00000000 / 255 0 0 255 / 1.24779000 -0.13538930 / 1.00000000 0.00000000 0.00000000 1.00000000
				6.55986700 -2.52016400 -2.51336300 / 0.00000000 0.00000000 1.00000000 / 255 0 0 255 / 1.20305700 -0.17439200 / 1.00000000 0.00000000 0.00000000 1.00000000
				6.97724200 -2.52016400 -2.27813900 / 1.00000000 0.00000000 0.00000000 / 255 0 0 255 / 0.17439200 -0.04645690 / 0.00000000 1.00000000 0.00000000 1.00000000
				6.97724200 -2.52016400 -2.51336300 / 1.00000000 0.00000000 0.00000000 / 255 0 0 255 / 0.17439200 0.00037260 / 0.00000000 1.00000000 0.00000000 1.00000000
				6.97724200 -2.82204000 -2.27813900 / 1.00000000 0.00000000 0.00000000 / 255 0 0 255 / 0.13538930 -0.04645690 / 0.00000000 1.00000000 0.00000000 1.00000000
				6.97724200 -2.52016400 -2.51336300 / 0.00000000 1.00000000 0.00000000 / 255 0 0 255 / -0.24778950 0.00037260 / -1.00000000 0.00000000 0.00000000 1.00000000
				6.55986700 -2.52016400 -2.27813900 / 0.00000000 1.00000000 0.00000000 / 255 0 0 255 / -0.20305710 -0.04645690 / -1.00000000 0.00000000 0.00000000 1.00000000
				6.55986700 -2.26194900 -2.51336300 / 1.00000000 0.00000000 0.00000000 / 255 0 0 255 / 0.20775370 0.00037260 / 0.00000000 1.00000000 0.00000000 1.00000000
				7.20532600 3.86993800 -2.27813900 / 0.00000000 1.00000000 0.00000000 / 255 0 0 255 / -0.27223490 -0.04645690 / -1.00000000 0.00000000 0.00000000 1.00000000
				6.55986700 -2.52016400 -2.27813900 / 1.00000000 0.00000000 0.00000000 / 255 0 0 255 / 0.17439200 -0.04645690 / 0.00000000 1.00000000 0.00000000 1.00000000
				6.55986700 -2.26194900 -2.27813900 / 1.00000000 0.00000000 0.00000000 / 255 0 0 255 / 0.20775370 -0.04645690 / 1.00000000 0.00000000 0.00000000 1.00000000
				6.55986700 -2.26194900 -2.27813900 / 1.00000000 0.00000000 0.00000000 / 255 0 0 255 / 0.20775370 -0.04645690 / 1.00000000 0.00000000 0.00000000 1.00000000
				6.55986700 -2.82204000 -2.27813900 / 1.00000000 0.00000000 0.00000000 / 255 0 0 255 / 0.13538930 -0.04645690 / 1.00000000 0.00000000 0.00000000 1.00000000
				6.55986700 -2.26194900 -2.27813900 / 1.00000000 0.00000000 0.00000000 / 255 0 0 255 / 0.20775370 -0.04645690 / 1.00000000 0.00000000 0.00000000 1.00000000
				6.55986700 -3.12670100 -2.27813900 / 1.00000000 0.00000000 0.00000000 / 255 0 0 255 / 0.09602680 -0.04645690 / 1.00000000 0.00000000 0.00000000 1.00000000
				6.55986700 -2.26194900 -2.27813900 / 1.00000000 0.00000000 0.00000000 / 255 0 0 255 / 0.20775370 -0.04645690 / 1.00000000 0.00000000 0.00000000 1.00000000
				6.55986700 -3.37834600 -2.27813900 / 1.00000000 0.00000000 0.00000000 / 255 0 0 255 / 0.06351400 -0.04645690 / 1.00000000 0.00000000 0.00000000 1.00000000
				6.55986700 -2.26194900 -2.27813900 / 0.00000000 0.00000000 1.00000000 / 255 0 0 255 / 1.20305700 -0.20775370 / 1.00000000 0.00000020 0.00000000 1.00000000
				-6.62267200 -3.61274000 -2.27813900 / 0.00000000 0.00000000 1.00000000 / 255 0 0 255 / -0.20978890 -0.03323050 / 1.00000000 0.00000020 0.00000000 1.00000000
				-7.04004700 -3.12670100 -2.27813900 / 0.00000000 1.00000000 0.00000000 / 255 0 0 255 / 1.25452100 -0.04645690 / -1.00000000 0.00000000 0.00000000 1.00000000
				6.55986700 -3.61274000 -2.27813900 / 0.00000000 0.00000000 1.00000000 / 255 0 0 255 / 1.20305700 -0.03323010 / 1.00000000 0.00000020 0.00000000 1.00000000
				6.97724200 -3.37834600 -2.27813900 / 0.00000000 0.00000000 -1.00000000 / 255 0 0 255 / -0.24778950 -0.06351390 / -1.00000000 0.00000000 0.00000000 1.00000000
				6.55986700 -3.61274000 -2.27813900 / 0.00000000 0.00000000 -1.00000000 / 255 0 0 255 / -0.20305710 -0.03323010 / -1.00000000 0.00000000 0.00000000 1.00000000
				6.55986700 -3.12670100 -2.27813900 / 0.00000000 0.00000000 1.00000000 / 255 0 0 255 / 1.20305700 -0.09602680 / 1.00000000 0.00000190 0.00000000 1.00000000
				6.55986700 -3.37834600 -2.27813900 / 0.00000000 0.00000000 1.00000000 / 255 0 0 255 / 1.20305700 -0.06351400 / 1.00000000 0.00000190 0.00000000 1.00000000
				6.55986700 -3.12670100 -2.27813900 / 0.00000000 0.00000000 1.00000000 / 255 0 0 255 / 1.20305700 -0.09602680 / 1.00000000 0.00000170 0.00000000 1.00000000
				6.97724200 -3.37834600 -2.27813900 / 0.00000000 0.00000000 1.00000000 / 255 0 0 255 / 1.24779000 -0.06351390 / 1.00000000 0.00000170 0.00000000 1.00000000
				6.55986700 -3.12670100 -2.27813900 / 0.00000000 0.00000000 -1.00000000 / 255 0 0 255 / -0.20305710 -0.09602680 / -1.00000000 0.00000000 0.00000000 1.00000000
				6.97724200 -2.82204000 -2.27813900 / 0.00000000 0.00000000 -1.00000000 / 255 0 0 255 / -0.24778950 -0.13538930 / -1.00000000 0.00000000 0.00000000 1.00000000
				6.55986700 -2.82204000 -2.27813900 / 0.00000000 0.00000000 1.00000000 / 255 0 0 255 / 1.20305700 -0.13538930 / 1.00000000 0.00000000 0.00000000 1.00000000
				6.97724200 3.73992700 -2.27813900 / 0.00000000 0.00000000 1.00000000 / 255 0 0 255 / 1.24779000 -0.98320210 / 1.00000000 0.00000000 0.00000000 1.00000000
				6.55986700 -2.52016400 -2.27813900 / 0.00000000 0.00000000 1.00000000 / 255 0 0 255 / 1.20305700 -0.17439200 / 1.00000000 0.00000000 0.00000000 1.00000000
				-6.62267200 3.37297900 2.25627100 / 0.00000000 -1.00000000 0.00000000 / 255 0 0 255 / -0.20978870 -0.94918970 / 1.00000000 0.00000000 0.00000000 1.00000000
				6.55986700 -2.52016400 -2.27813900 / 0.00000000 0.00000000 1.00000000 / 255 0 0 255 / 1.20305700 -0.17439200 / 1.00000000 0.00000000 0.00000000 1.00000000
				6.97724200 -2.82204000 -2.27813900 / 0.00000000 0.00000000 1.00000000 / 255 0 0 255 / 1.24779000 -0.13538930 / 1.00000000 0.00000000 0.00000000 1.00000000
				6.55986700 3.37297900 1.70943400 / 0.00000000 -1.00000000 0.00000000 / 255 0 0 255 / 1.20305700 -0.84032250 / 1.00000000 0.00000000 0.00000000 1.00000000
				6.55986700 3.37297900 1.43581500 / 0.00000000 -1.00000000 0.00000000 / 255 0 0 255 / 1.20305700 -0.78584910 / 1.00000000 0.00000000 0.00000000 1.00000000
				-6.62267200 3.37297900 1.70943400 / 0.00000000 -1.00000000 0.00000000 / 255 0 0 255 / -0.20978870 -0.84032250 / 1.00000000 0.00000000 0.00000000 1.00000000
				6.55986700 3.37297900 1.70943400 / 0.00000000 -1.00000000 0.00000000 / 255 0 0 255 / 1.20305700 -0.84032250 / 1.00000000 0.00000000 0.00000000 1.00000000
				-6.62267200 3.37297900 1.43581500 / 0.00000000 -1.00000000 0.00000000 / 255 0 0 255 / -0.20978870 -0.78584910 / 1.00000000 0.00000000 0.00000000 1.00000000
				-6.62267200 3.37297900 1.43581500 / 0.00000000 1.00000000 0.00000000 / 255 0 0 255 / 1.20978900 -0.78584910 / -1.00000000 0.00000000 0.00000000 1.00000000
				-7.04004700 3.86993800 -2.27813900 / 0.00000000 0.00000000 1.00000000 / 255 0 0 255 / -0.25452110 -1.00000000 / 1.00000000 0.00000000 0.00000000 1.00000000
				-7.04004700 3.37297900 1.70943400 / 0.00000000 1.00000000 0.00000000 / 255 0 0 255 / 1.25452100 -0.84032250 / -1.00000000 0.00000000 0.00000000 1.00000000
				6.55986700 3.37297900 1.43581500 / 1.00000000 0.00000000 0.00000000 / 255 0 0 255 / 0.93579220 -0.78584910 / 1.00000000 0.00000000 0.00000000 1.00000000
				-6.62267200 3.37297900 1.43581500 / 1.00000000 0.00000000 0.00000000 / 255 0 0 255 / 0.93579260 -0.78584910 / 1.00000000 0.00000000 0.00000000 1.00000000
				-7.04004700 3.37297900 1.11358900 / 0.00000000 -1.00000000 0.00000000 / 255 0 0 255 / -0.25452110 -0.72169890 / 1.00000000 0.00000000 0.00000000 1.00000000
				6.55986700 3.37297900 1.43581500 / 0.00000000 -1.00000000 0.00000000 / 255 0 0 255 / 1.20305700 -0.78584910 / 1.00000000 0.00000000 0.00000000 1.00000000
				-7.04004700 3.37297900 1.43581500 / 0.00000000 -1.00000000 0.00000000 / 255 0 0 255 / -0.25452110 -0.78584910 / 1.00000000 0.00000000 0.00000000 1.00000000
				6.55986700 -2.26194900 -2.51336300 / 1.00000000 0.00000000 0.00000000 / 255 0 0 255 / 0.20775370 0.00037260 / 1.00000000 0.00000000 0.00000000 1.00000000
				6.55986700 -2.52016400 -2.51336300 / 1.00000000 0.00000000 0.00000000 / 255 0 0 255 / 0.17439200 0.00037260 / 1.00000000 0.00000000 0.00000000 1.00000000
				6.55986700 -2.82204000 -2.51336300 / 1.00000000 0.00000000 0.00000000 / 255 0 0 255 / 0.13538930 0.00037260 / 1.00000000 0.00000000 0.00000000 1.00000000
				6.55986700 -2.26194900 -2.51336300 / 1.00000000 0.00000000 0.00000000 / 255 0 0 255 / 0.20775370 0.00037260 / 1.00000000 0.00000000 0.00000000 1.00000000
				6.97724200 3.73992700 -2.27813900 / 0.00000000 0.00000000 1.00000000 / 255 0 0 255 / 1.24779000 -0.98320210 / 1.00000000 0.00000000 0.00000000 1.00000000
				6.55986700 -3.12670100 -2.51336300 / 1.00000000 0.00000000 0.00000000 / 255 0 0 255 / 0.09602680 0.00037260 / 1.00000000 0.00000000 0.00000000 1.00000000
				6.55986700 -2.82204000 -2.51336300 / 1.00000000 0.00000000 0.00000000 / 255 0 0 255 / 0.13538930 0.00037260 / 1.00000000 0.00000000 0.00000000 1.00000000
				6.55986700 -2.26194900 -2.51336300 / 1.00000000 0.00000000 0.00000000 / 255 0 0 255 / 0.20775370 0.00037260 / 1.00000000 0.00000000 0.00000000 1.00000000
				6.55986700 -3.37834600 -2.51336300 / 1.00000000 0.00000000 0.00000000 / 255 0 0 255 / 0.06351400 0.00037260 / 1.00000000 0.00000000 0.00000000 1.00000000
				6.55986700 -3.12670100 -2.51336300 / 1.00000000 0.00000000 0.00000000 / 255 0 0 255 / 0.09602680 0.00037260 / 1.00000000 0.00000000 0.00000000 1.00000000
				7.20532600 3.86993800 -2.51336300 / 1.00000000 0.00000000 0.00000000 / 255 0 0 255 / 0.99999980 0.00037260 / 0.00000000 1.00000000 0.00000000 1.00000000
				7.20532600 -2.26194900 -2.27813900 / 1.00000000 0.00000000 0.00000000 / 255 0 0 255 / 0.20775370 -0.04645690 / 0.00000000 1.00000000 0.00000000 1.00000000
				7.20532600 3.86993800 -2.51336300 / 1.00000000 0.00000000 0.00000000 / 255 0 0 255 / 0.99999980 0.00037260 / 0.00000000 1.00000000 0.00000000 1.00000000
				7.20532600 3.37297900 -2.27813900 / 1.00000000 0.00000000 0.00000000 / 255 0 0 255 / 0.93579210 -0.04645690 / 0.00000000 1.00000000 0.00000000 1.00000000
				7.20532600 3.86993800 -2.51336300 / 1.00000000 0.00000000 0.00000000 / 255 0 0 255 / 0.99999980 0.00037260 / 0.00000000 1.00000000 0.00000000 1.00000000
				7.20532600 3.86993800 -2.27813900 / 0.00000000 0.00000000 1.00000000 / 255 0 0 255 / 1.27223500 -0.99999980 / 1.00000000 0.00000000 0.00000000 1.00000000
				7.20532600 3.73992700 -2.27813900 / 1.00000000 0.00000000 0.00000000 / 255 0 0 255 / 0.98320210 -0.04645690 / 0.00000000 1.00000000 0.00000000 1.00000000
				-6.62267200 -3.12670100 -2.51336300 / -1.00000000 0.00000000 0.00000000 / 255 0 0 255 / 0.90397280 0.00037260 / 0.00000000 -1.00000000 0.00000000 1.00000000
				-6.62267200 -2.82204000 -2.27813900 / -1.00000000 0.00000000 0.00000000 / 255 0 0 255 / 0.86461030 -0.04645690 / 0.00000000 -1.00000000 0.00000000 1.00000000
				6.97724200 3.73992700 2.51336200 / 0.00000000 0.00000000 1.00000000 / 255 0 0 255 / 1.24779000 -0.98320210 / 1.00000000 0.00000220 0.00000000 1.00000000
				6.55986700 3.37297900 2.51336200 / 0.00000000 0.00000000 1.00000000 / 255 0 0 255 / 1.20305700 -0.93579220 / 1.00000000 0.00000220 0.00000000 1.00000000
				6.97724200 3.37297900 2.51064300 / 0.00000000 1.00000000 0.00000000 / 255 0 0 255 / -0.24778960 -0.99983130 / -1.00000000 0.00000000 0.00000000 1.00000000
				6.55986700 3.37297900 2.51336200 / 0.00000000 1.00000000 0.00000000 / 255 0 0 255 / -0.20305720 -1.00037300 / -1.00000000 0.00000000 0.00000000 1.00000000
				6.55986700 3.37297900 2.25627100 / 0.00000000 -1.00000000 0.00000000 / 255 0 0 255 / 1.20305700 -0.94918970 / 1.00000000 0.00000000 0.00000000 1.00000000
				-7.04004700 -2.82204000 -2.51336300 / 0.00000000 -1.00000000 0.00000000 / 255 0 0 255 / -0.25452130 0.00037260 / 1.00000000 0.00000000 0.00000000 1.00000000
				-6.62267200 -2.82204000 -2.27813900 / 0.00000000 -1.00000000 0.00000000 / 255 0 0 255 / -0.20978890 -0.04645690 / 1.00000000 0.00000000 0.00000000 1.00000000
				6.97724200 3.73992700 -2.27813900 / 0.00000000 0.00000000 1.00000000 / 255 0 0 255 / 1.24779000 -0.98320210 / 1.00000000 0.00000000 0.00000000 1.00000000
				-7.04004700 -2.82204000 -2.27813900 / 0.00000000 -1.00000000 0.00000000 / 255 0 0 255 / -0.25452130 -0.04645690 / 1.00000000 0.00000000 0.00000000 1.00000000
				-6.62267200 -2.82204000 -2.51336300 / 0.00000000 -1.00000000 0.00000000 / 255 0 0 255 / -0.20978890 0.00037260 / 1.00000000 0.00000000 0.00000000 1.00000000
				-6.62267200 -2.82204000 -2.51336300 / 0.00000000 0.00000000 1.00000000 / 255 0 0 255 / -0.20978890 -0.13538970 / 1.00000000 0.00000190 0.00000000 1.00000000
				-7.04004700 -2.52016400 -2.51336300 / 0.00000000 0.00000000 1.00000000 / 255 0 0 255 / -0.25452130 -0.17439250 / 1.00000000 0.00000190 0.00000000 1.00000000
				-7.04004700 -2.82204000 -2.51336300 / 0.00000000 0.00000000 1.00000000 / 255 0 0 255 / -0.25452130 -0.13538980 / 1.00000000 0.00000190 0.00000000 1.00000000
				-6.62267200 -2.52016400 -2.51336300 / 0.00000000 0.00000000 1.00000000 / 255 0 0 255 / -0.20978890 -0.17439250 / 1.00000000 0.00000000 0.00000000 1.00000000
				-6.62267200 -3.37834600 -2.51336300 / 1.00000000 0.00000000 0.00000000 / 255 0 0 255 / 0.06351440 0.00037260 / 1.00000000 0.00000000 0.00000000 1.00000000
				-6.62267200 -3.12670100 -2.51336300 / 1.00000000 0.00000000 0.00000000 / 255 0 0 255 / 0.09602720 0.00037260 / 1.00000000 0.00000000 0.00000000 1.00000000
				6.97724200 3.37297900 2.25627100 / 0.00000000 -1.00000000 0.00000000 / 255 0 0 255 / 1.24779000 -0.94918970 / 1.00000000 0.00000000 0.00000000 1.00000000
				-7.04004700 -3.12670100 -2.51336300 / 0.00000000 0.00000000 1.00000000 / 255 0 0 255 / -0.25452130 -0.09602720 / 1.00000000 0.00000000 0.00000000 1.00000000
				6.97724200 3.37297900 2.51064300 / 1.00000000 0.00000000 0.00000000 / 255 0 0 255 / 0.93579210 -0.99983130 / 1.00000000 0.00000000 0.00000000 1.00000000
				7.20532600 3.73992700 -2.27813900 / 0.00000000 0.00000000 1.00000000 / 255 0 0 255 / 1.27223500 -0.98320210 / 1.00000000 0.00000000 0.00000000 1.00000000
				-7.04004700 -3.37834600 -2.51336300 / 0.00000000 0.00000000 1.00000000 / 255 0 0 255 / -0.25452130 -0.06351440 / 1.00000000 0.00000000 0.00000000 1.00000000
				-6.62267200 -3.37834600 -2.27813900 / 0.00000000 -1.00000000 0.00000000 / 255 0 0 255 / -0.20978890 -0.04645690 / 1.00000000 0.00000000 0.00000000 1.00000000
				-7.04004700 -3.37834600 -2.51336300 / 0.00000000 -1.00000000 0.00000000 / 255 0 0 255 / -0.25452130 0.00037260 / 1.00000000 0.00000000 0.00000000 1.00000000
				-6.62267200 -3.37834600 -2.51336300 / 0.00000000 -1.00000000 0.00000000 / 255 0 0 255 / -0.20978890 0.00037260 / 1.00000000 0.00000000 0.00000000 1.00000000
				-7.04004700 -3.37834600 -2.27813900 / 0.00000000 -1.00000000 0.00000000 / 255 0 0 255 / -0.25452130 -0.04645690 / 1.00000000 0.00000000 0.00000000 1.00000000
				-6.62267200 -3.37834600 -2.27813900 / 0.00000000 0.00000000 -1.00000000 / 255 0 0 255 / 1.20978900 -0.06351440 / -1.00000000 0.00000000 0.00000000 1.00000000
				-7.04004700 -3.61274000 -2.27813900 / 0.00000000 0.00000000 -1.00000000 / 255 0 0 255 / 1.25452100 -0.03323050 / -1.00000000 0.00000000 0.00000000 1.00000000
				-7.04004700 -3.37834600 -2.27813900 / 0.00000000 0.00000000 -1.00000000 / 255 0 0 255 / 1.25452100 -0.06351440 / -1.00000000 0.00000000 0.00000000 1.00000000
				-6.62267200 -3.61274000 -2.27813900 / 0.00000000 0.00000000 -1.00000000 / 255 0 0 255 / 1.20978900 -0.03323050 / -1.00000000 0.00000000 0.00000000 1.00000000
				6.97724200 3.37297900 2.02816100 / 0.00000000 1.00000000 0.00000000 / 255 0 0 255 / -0.24778960 -0.90377630 / -1.00000000 0.00000000 0.00000000 1.00000000
				6.97724200 3.37297900 -2.27813900 / 0.00000000 0.00000000 1.00000000 / 255 0 0 255 / 1.24779000 -0.93579210 / 1.00000000 0.00000000 0.00000000 1.00000000
				6.55986700 3.37297900 2.25627100 / 0.00000000 1.00000000 0.00000000 / 255 0 0 255 / -0.20305720 -0.94918970 / -1.00000000 0.00000000 0.00000000 1.00000000
				6.97724200 3.37297900 2.25627100 / 0.00000000 1.00000000 0.00000000 / 255 0 0 255 / -0.24778960 -0.94918970 / -1.00000000 0.00000000 0.00000000 1.00000000
				-6.62267200 3.37297900 2.02816100 / 0.00000000 1.00000000 0.00000000 / 255 0 0 255 / 1.20978900 -0.90377630 / -1.00000000 0.00000000 0.00000000 1.00000000
				-7.04004700 3.37297900 2.25627100 / 0.00000000 1.00000000 0.00000000 / 255 0 0 255 / 1.25452100 -0.94918970 / -1.00000000 0.00000000 0.00000000 1.00000000
				-6.62267200 3.37297900 2.25627100 / 0.00000000 1.00000000 0.00000000 / 255 0 0 255 / 1.20978900 -0.94918970 / -1.00000000 0.00000000 0.00000000 1.00000000
				-7.04004700 3.37297900 2.02816100 / 0.00000000 1.00000000 0.00000000 / 255 0 0 255 / 1.25452100 -0.90377630 / -1.00000000 0.00000000 0.00000000 1.00000000
				-6.62267200 3.37297900 2.02816100 / 1.00000000 0.00000000 0.00000000 / 255 0 0 255 / 0.93579260 -0.90377630 / 1.00000000 0.00000000 0.00000000 1.00000000
				6.55986700 3.37297900 2.02816100 / 0.00000000 1.00000000 0.00000000 / 255 0 0 255 / -0.20305720 -0.90377630 / -1.00000000 0.00000000 0.00000000 1.00000000
				-7.04004700 3.73992700 2.51336200 / -1.00000000 0.00000000 0.00000000 / 255 0 0 255 / 0.01679740 -1.00037300 / 0.00000000 -1.00000000 0.00000130 1.00000000
				-7.04004700 3.37297900 2.51064300 / -1.00000000 0.00000000 0.00000000 / 255 0 0 255 / 0.06420740 -0.99983130 / 0.00000000 -1.00000000 0.00000530 1.00000000
				6.97724200 3.73992700 -2.27813900 / 0.00000000 0.00000000 1.00000000 / 255 0 0 255 / 1.24779000 -0.98320210 / 1.00000000 0.00000000 0.00000000 1.00000000
				-7.04004700 3.37297900 2.51336200 / -1.00000000 0.00000000 0.00000000 / 255 0 0 255 / 0.06420740 -1.00037300 / 0.00000000 -1.00000000 0.00000000 1.00000000
				-7.04004700 3.37297900 2.51336200 / 0.00000000 1.00000000 0.00000000 / 255 0 0 255 / 1.25452100 -1.00037300 / -1.00000000 0.00000000 0.00000000 1.00000000
				-6.62267200 3.37297900 2.51064300 / 0.00000000 1.00000000 0.00000000 / 255 0 0 255 / 1.20978900 -0.99983130 / -1.00000000 0.00000000 0.00000000 1.00000000
				-7.04004700 3.37297900 2.51064300 / 0.00000000 1.00000000 0.00000000 / 255 0 0 255 / 1.25452100 -0.99983130 / -1.00000000 0.00000000 0.00000000 1.00000000
				-6.62267200 3.37297900 2.51336200 / 0.00000000 1.00000000 0.00000000 / 255 0 0 255 / 1.20978900 -1.00037300 / -1.00000000 0.00000000 0.00000000 1.00000000
				-7.04004700 3.37297900 2.02816100 / 1.00000000 0.00000000 0.00000000 / 255 0 0 255 / 0.93579260 -0.90377630 / 1.00000000 0.00000000 0.00000000 1.00000000
				-7.04004700 3.37297900 2.51064300 / 0.00000000 -1.00000000 0.00000000 / 255 0 0 255 / -0.25452110 -0.99983130 / 1.00000000 0.00000000 0.00000000 1.00000000
				-7.04004700 3.37297900 1.43581500 / -1.00000000 0.00000000 0.00000000 / 255 0 0 255 / 0.06420740 -0.78584910 / 0.00000000 -1.00000000 0.00000910 1.00000000
				-7.04004700 3.37297900 1.11358900 / -1.00000000 0.00000000 0.00000000 / 255 0 0 255 / 0.06420740 -0.72169890 / 0.00000000 -1.00000000 0.00001270 1.00000000
				-7.04004700 3.37297900 0.80887720 / -1.00000000 0.00000000 0.00000000 / 255 0 0 255 / 0.06420740 -0.66103530 / 0.00000000 -1.00000000 0.00000300 1.00000000
				7.20532600 3.37297900 -2.27813900 / 0.00000000 0.00000000 1.00000000 / 255 0 0 255 / 1.27223500 -0.93579210 / 1.00000000 0.00000000 0.00000000 1.00000000
				-7.04004700 3.37297900 -2.27813900 / -1.00000000 0.00000000 0.00000000 / 255 0 0 255 / 0.06420740 -0.04645690 / 0.00000000 -1.00000000 0.00000690 1.00000000
				-7.04004700 3.73992700 -2.27813900 / -1.00000000 0.00000000 0.00000000 / 255 0 0 255 / 0.01679740 -0.04645690 / 0.00000000 -1.00000000 0.00000000 1.00000000
				-7.20532600 3.73992700 -2.27813900 / 0.00000000 0.00000000 1.00000000 / 255 0 0 255 / -0.27223500 -0.98320260 / 1.00000000 0.00000000 0.00000000 1.00000000
				-7.20532600 3.73992700 -2.27813900 / -1.00000000 0.00000000 0.00000000 / 255 0 0 255 / 0.01679740 -0.04645690 / 0.00000000 -1.00000000 0.00000000 1.00000000
				-7.20532600 3.86993800 -2.27813900 / -1.00000000 0.00000000 0.00000000 / 255 0 0 255 / -0.00000020 -0.04645690 / 0.00000000 -1.00000000 0.00000000 1.00000000
				-7.20532600 3.86993800 -2.27813900 / 0.00000000 0.00000000 1.00000000 / 255 0 0 255 / -0.27223500 -1.00000000 / 1.00000000 0.00000000 0.00000000 1.00000000
				-7.04004700 3.73992700 2.51336200 / 0.00000000 0.00000000 1.00000000 / 255 0 0 255 / -0.25452110 -0.98320260 / 1.00000000 0.00000000 0.00000000 1.00000000
				6.97724200 3.37297900 2.02816100 / 1.00000000 0.00000000 0.00000000 / 255 0 0 255 / 0.93579210 -0.90377630 / 1.00000000 0.00000000 0.00000000 1.00000000
				-7.04004700 3.86993800 -2.48345000 / 0.00000000 1.00000000 0.00000000 / 255 0 0 255 / 1.25452100 -0.00558250 / -1.00000000 0.00000000 0.00000000 1.00000000
				-7.20532600 3.86993800 -2.27813900 / 0.00000000 1.00000000 0.00000000 / 255 0 0 255 / 1.27223500 -0.04645690 / -1.00000000 0.00000000 0.00000000 1.00000000
				6.97724200 3.37297900 -2.27813900 / 0.00000000 0.00000000 1.00000000 / 255 0 0 255 / 1.24779000 -0.93579210 / 1.00000000 0.00000000 0.00000000 1.00000000
				-7.04004700 3.86993800 -2.27813900 / 0.00000000 1.00000000 0.00000000 / 255 0 0 255 / 1.25452100 -0.04645690 / -1.00000000 0.00000000 0.00000000 1.00000000
				-7.04004700 3.86993800 -2.51336300 / 0.00000000 1.00000000 0.00000000 / 255 0 0 255 / 1.25452100 0.00037260 / -1.00000000 0.00000000 -0.00002790 1.00000000
				-7.20532600 3.86993800 -2.51336300 / 0.00000000 1.00000000 0.00000000 / 255 0 0 255 / 1.27223500 0.00037260 / -1.00000000 0.00000000 0.00000000 1.00000000
				7.20532600 3.86993800 -2.51336300 / 0.00000000 1.00000000 0.00000000 / 255 0 0 255 / -0.27223490 0.00037260 / -1.00000000 0.00000000 0.00000000 1.00000000
				7.20532600 3.86993800 -2.27813900 / 0.00000000 1.00000000 0.00000000 / 255 0 0 255 / -0.27223490 -0.04645690 / -1.00000000 0.00000000 0.00000000 1.00000000
				7.20532600 3.86993800 -2.27813900 / 0.00000000 0.00000000 1.00000000 / 255 0 0 255 / 1.27223500 -0.99999980 / 1.00000000 0.00000000 0.00000000 1.00000000
				7.20532600 3.73992700 -2.27813900 / 0.00000000 0.00000000 1.00000000 / 255 0 0 255 / 1.27223500 -0.98320210 / 1.00000000 0.00000000 0.00000000 1.00000000
				7.20532600 3.37297900 -2.27813900 / 0.00000000 0.00000000 1.00000000 / 255 0 0 255 / 1.27223500 -0.93579210 / 1.00000000 0.00000000 0.00000000 1.00000000
				6.55986700 3.37297900 2.02816100 / 1.00000000 0.00000000 0.00000000 / 255 0 0 255 / 0.93579220 -0.90377630 / 1.00000000 0.00000000 0.00000000 1.00000000
				7.20532600 -2.26194900 -2.27813900 / 0.00000000 0.00000000 1.00000000 / 255 0 0 255 / 1.27223500 -0.20775370 / 1.00000000 0.00000000 0.00000000 1.00000000
				-6.62267200 -3.12670100 -2.51336300 / 0.00000000 1.00000000 0.00000000 / 255 0 0 255 / 1.20978900 0.00037260 / -1.00000000 0.00000000 0.00000000 1.00000000
				6.97724200 -2.26194900 -2.27813900 / 0.00000000 0.00000000 1.00000000 / 255 0 0 255 / 1.24779000 -0.20775370 / 1.00000000 0.00000000 0.00000000 1.00000000
				6.55986700 -2.26194900 -2.27813900 / 0.00000000 0.00000000 1.00000000 / 255 0 0 255 / 1.20305700 -0.20775370 / 1.00000000 0.00000000 0.00000000 1.00000000
				-6.62267200 -3.61274000 -2.27813900 / 0.00000000 0.00000000 1.00000000 / 255 0 0 255 / -0.20978890 -0.03323050 / 1.00000000 0.00000020 0.00000000 1.00000000
				-6.62267200 -3.37834600 -2.27813900 / -1.00000000 0.00000000 0.00000000 / 255 0 0 255 / 0.93648560 -0.04645690 / 0.00000000 -1.00000000 0.00000000 1.00000000
				-6.62267200 -3.61274000 -2.51336300 / -1.00000000 0.00000000 0.00000000 / 255 0 0 255 / 0.96676950 0.00037260 / 0.00000000 -1.00000000 0.00000000 1.00000000
				-6.62267200 -3.61274000 -2.27813900 / -1.00000000 0.00000000 0.00000000 / 255 0 0 255 / 0.96676950 -0.04645690 / 0.00000000 -1.00000000 0.00000000 1.00000000
				-6.62267200 -3.37834600 -2.51336300 / -1.00000000 0.00000000 0.00000000 / 255 0 0 255 / 0.93648560 0.00037260 / 0.00000000 -1.00000000 0.00000000 1.00000000
				7.20532600 3.86993800 -2.51336300 / 0.00000000 0.00000000 1.00000000 / 255 0 0 255 / 1.27223500 -0.99999980 / 1.00000000 0.00000000 0.00000000 1.00000000
				-6.62267200 -3.61274000 -2.51336300 / 0.00000000 0.00000000 1.00000000 / 255 0 0 255 / -0.20978890 -0.03323050 / 1.00000000 0.00000000 0.00000000 1.00000000
				-7.04004700 3.37297900 1.70943400 / 0.00000000 -1.00000000 0.00000000 / 255 0 0 255 / -0.25452110 -0.84032250 / 1.00000000 0.00000000 0.00000000 1.00000000
				7.20532600 3.37297900 -2.27813900 / 0.00000000 0.00000000 1.00000000 / 255 0 0 255 / 1.27223500 -0.93579210 / 1.00000000 0.00000000 0.00000000 1.00000000
				-6.62267200 -2.52016400 -2.51336300 / -1.00000000 0.00000000 0.00000000 / 255 0 0 255 / 0.82560750 0.00037260 / 0.00000000 -1.00000000 0.00000000 1.00000000
				-6.62267200 -2.26194900 -2.27813900 / -1.00000000 0.00000000 0.00000000 / 255 0 0 255 / 0.79224600 -0.04645690 / 0.00000000 -1.00000000 0.00000000 1.00000000
				-6.62267200 -2.26194900 -2.51336300 / -1.00000000 0.00000000 0.00000000 / 255 0 0 255 / 0.79224600 0.00037260 / 0.00000000 -1.00000000 0.00000000 1.00000000
				-6.62267200 -2.52016400 -2.27813900 / -1.00000000 0.00000000 0.00000000 / 255 0 0 255 / 0.82560750 -0.04645690 / 0.00000000 -1.00000000 0.00000000 1.00000000
				-6.62267200 -2.52016400 -2.51336300 / 0.00000000 1.00000000 0.00000000 / 255 0 0 255 / 1.20978900 0.00037260 / -1.00000000 0.00000000 0.00000000 1.00000000
				-7.04004700 -2.52016400 -2.27813900 / 0.00000000 1.00000000 0.00000000 / 255 0 0 255 / 1.25452100 -0.04645690 / -1.00000000 0.00000000 0.00000000 1.00000000
				-6.62267200 -2.52016400 -2.27813900 / 0.00000000 1.00000000 0.00000000 / 255 0 0 255 / 1.20978900 -0.04645690 / -1.00000000 0.00000000 0.00000000 1.00000000
				-7.04004700 -2.52016400 -2.51336300 / 0.00000000 1.00000000 0.00000000 / 255 0 0 255 / 1.25452100 0.00037260 / -1.00000000 0.00000000 0.00000000 1.00000000
				-7.04004700 -2.82204000 -2.51336300 / -1.00000000 0.00000000 0.00000000 / 255 0 0 255 / 0.86461020 0.00037260 / 0.00000000 -1.00000000 0.00000000 1.00000000
				-7.04004700 -2.52016400 -2.27813900 / -1.00000000 0.00000000 0.00000000 / 255 0 0 255 / 0.82560750 -0.04645690 / 0.00000000 -1.00000000 0.00000000 1.00000000
				6.97724200 3.37297900 -2.27813900 / 0.00000000 0.00000000 1.00000000 / 255 0 0 255 / 1.24779000 -0.93579210 / 1.00000000 0.00000000 0.00000000 1.00000000
				-6.62267200 3.37297900 1.70943400 / 0.00000000 -1.00000000 0.00000000 / 255 0 0 255 / -0.20978870 -0.84032250 / 1.00000000 0.00000000 0.00000000 1.00000000
				-7.04004700 -2.52016400 -2.51336300 / -1.00000000 0.00000000 0.00000000 / 255 0 0 255 / 0.82560750 0.00037260 / 0.00000000 -1.00000000 0.00000000 1.00000000
				-7.04004700 -2.82204000 -2.27813900 / -1.00000000 0.00000000 0.00000000 / 255 0 0 255 / 0.86461020 -0.04645690 / 0.00000000 -1.00000000 0.00000000 1.00000000
				-7.04004700 -2.52016400 -2.27813900 / 0.00000000 0.00000000 1.00000000 / 255 0 0 255 / -0.25452130 -0.17439250 / 1.00000000 0.00000190 0.00000000 1.00000000
				-7.04004700 -2.82204000 -2.27813900 / 0.00000000 0.00000000 1.00000000 / 255 0 0 255 / -0.25452130 -0.13538980 / 1.00000000 0.00000190 0.00000000 1.00000000
				-7.04004700 -2.52016400 -2.27813900 / 0.00000000 0.00000000 -1.00000000 / 255 0 0 255 / 1.25452100 -0.17439250 / -1.00000000 0.00000000 0.00000000 1.00000000
				-6.62267200 -2.26194900 -2.27813900 / 0.00000000 0.00000000 -1.00000000 / 255 0 0 255 / 1.20978900 -0.20775410 / -1.00000000 0.00000000 0.00000000 1.00000000
				-6.62267200 -2.52016400 -2.27813900 / 0.00000000 0.00000000 -1.00000000 / 255 0 0 255 / 1.20978900 -0.17439250 / -1.00000000 0.00000000 0.00000000 1.00000000
				-7.04004700 -2.26194900 -2.27813900 / 0.00000000 0.00000000 -1.00000000 / 255 0 0 255 / 1.25452100 -0.20775410 / -1.00000000 0.00000000 0.00000000 1.00000000
				6.55986700 3.37297900 1.70943400 / 0.00000000 -1.00000000 0.00000000 / 255 0 0 255 / 1.20305700 -0.84032250 / 1.00000000 0.00000000 0.00000000 1.00000000
				7.20532600 -2.26194900 -2.27813900 / 0.00000000 0.00000000 1.00000000 / 255 0 0 255 / 1.27223500 -0.20775370 / 1.00000000 0.00000000 0.00000000 1.00000000
				6.97724200 3.37297900 1.70943400 / 0.00000000 -1.00000000 0.00000000 / 255 0 0 255 / 1.24779000 -0.84032250 / 1.00000000 0.00000000 0.00000000 1.00000000
				6.97724200 3.37297900 1.43581500 / 0.00000000 1.00000000 0.00000000 / 255 0 0 255 / -0.24778960 -0.78584910 / -1.00000000 0.00000000 0.00000000 1.00000000
				-6.62267200 3.37297900 1.11358900 / 0.00000000 1.00000000 0.00000000 / 255 0 0 255 / 1.20978900 -0.72169890 / -1.00000000 0.00000000 0.00000000 1.00000000
				-7.04004700 3.37297900 0.80887720 / 0.00000000 1.00000000 0.00000000 / 255 0 0 255 / 1.25452100 -0.66103530 / -1.00000000 0.00000000 0.00000000 1.00000000
				-7.04004700 3.37297900 1.11358900 / 0.00000000 1.00000000 0.00000000 / 255 0 0 255 / 1.25452100 -0.72169890 / -1.00000000 0.00000000 0.00000000 1.00000000
				-6.62267200 3.37297900 0.80887720 / 0.00000000 1.00000000 0.00000000 / 255 0 0 255 / 1.20978900 -0.66103530 / -1.00000000 0.00000000 0.00000000 1.00000000
				-6.62267200 3.37297900 0.80887720 / 0.00000000 -1.00000000 0.00000000 / 255 0 0 255 / -0.20978870 -0.66103530 / 1.00000000 0.00000000 0.00000000 1.00000000
				-7.04004700 3.37297900 0.80887720 / 0.00000000 -1.00000000 0.00000000 / 255 0 0 255 / -0.25452110 -0.66103530 / 1.00000000 0.00000000 0.00000000 1.00000000
				6.55986700 3.37297900 1.70943400 / 0.00000000 1.00000000 0.00000000 / 255 0 0 255 / -0.20305720 -0.84032250 / -1.00000000 0.00000000 0.00000000 1.00000000
				6.97724200 -2.26194900 -2.27813900 / 0.00000000 0.00000000 -1.00000000 / 255 0 0 255 / -0.24778950 -0.20775370 / -1.00000000 0.00000000 0.00000000 1.00000000
				6.97724200 3.37297900 -2.27813900 / 0.00000000 0.00000000 1.00000000 / 255 0 0 255 / 1.24779000 -0.93579210 / 1.00000000 0.00000000 0.00000000 1.00000000
				6.55986700 -2.52016400 -2.27813900 / 0.00000000 0.00000000 -1.00000000 / 255 0 0 255 / -0.20305710 -0.17439200 / -1.00000000 0.00000000 0.00000000 1.00000000
				6.55986700 -2.26194900 -2.27813900 / 0.00000000 0.00000000 -1.00000000 / 255 0 0 255 / -0.20305710 -0.20775370 / -1.00000000 0.00000000 0.00000000 1.00000000
				6.97724200 -2.52016400 -2.27813900 / 0.00000000 0.00000000 -1.00000000 / 255 0 0 255 / -0.24778950 -0.17439200 / -1.00000000 0.00000000 0.00000000 1.00000000
				6.97724200 3.37297900 1.70943400 / 0.00000000 1.00000000 0.00000000 / 255 0 0 255 / -0.24778960 -0.84032250 / -1.00000000 0.00000000 0.00000000 1.00000000
				6.55986700 -2.26194900 -2.27813900 / 1.00000000 0.00000000 0.00000000 / 255 0 0 255 / 0.20775370 -0.04645690 / 1.00000000 0.00000000 0.00000000 1.00000000
				7.20532600 -2.26194900 -2.27813900 / 1.00000000 0.00000000 0.00000000 / 255 0 0 255 / 0.20775370 -0.04645690 / 1.00000000 0.00000000 0.00000000 1.00000000
				6.97724200 -2.26194900 -2.27813900 / 1.00000000 0.00000000 0.00000000 / 255 0 0 255 / 0.20775370 -0.04645690 / 1.00000000 0.00000000 0.00000000 1.00000000
				6.55986700 -2.26194900 -2.51336300 / 0.00000000 -1.00000000 0.00000000 / 255 0 0 255 / 1.20305700 0.00037260 / 1.00000000 0.00000000 0.00000000 1.00000000
				6.55986700 3.37297900 1.43581500 / 0.00000000 1.00000000 0.00000000 / 255 0 0 255 / -0.20305720 -0.78584910 / -1.00000000 0.00000000 0.00000000 1.00000000
				7.20532600 -2.26194900 -2.51336300 / 0.00000000 -1.00000000 0.00000000 / 255 0 0 255 / 1.27223500 0.00037260 / 1.00000000 0.00000000 0.00000000 1.00000000
				-7.04004700 -3.12670100 -2.51336300 / -1.00000000 0.00000000 0.00000000 / 255 0 0 255 / 0.90397280 0.00037260 / 0.00000000 -1.00000000 0.00000000 1.00000000
				6.97724200 -2.26194900 -2.27813900 / 0.00000000 0.00000000 1.00000000 / 255 0 0 255 / 1.24779000 -0.20775370 / 1.00000000 0.00000000 0.00000000 1.00000000
				6.55986700 -2.26194900 -2.51336300 / 0.00000000 0.00000000 1.00000000 / 255 0 0 255 / 1.20305700 -0.20775370 / 1.00000000 0.00000000 0.00000000 1.00000000
				7.20532600 -2.26194900 -2.51336300 / 0.00000000 0.00000000 1.00000000 / 255 0 0 255 / 1.27223500 -0.20775370 / 1.00000000 0.00000000 0.00000000 1.00000000
				-6.52885400 -3.61274000 -2.51336300 / 0.00000000 0.00000000 1.00000000 / 255 0 0 255 / -0.19973390 -0.03323050 / 1.00000000 0.00000020 0.00000000 1.00000000
				-6.52885400 -3.61274000 -2.35531900 / 0.00000000 -1.00000000 0.00000000 / 255 0 0 255 / -0.19973390 -0.03109150 / 1.00000000 0.00000000 0.00000000 1.00000000
				-6.62267200 -3.61274000 -2.51336300 / 0.00000000 -1.00000000 0.00000000 / 255 0 0 255 / -0.20978890 0.00037260 / 1.00000000 0.00000000 0.00000000 1.00000000
				-6.52885400 -3.61274000 -2.51336300 / 0.00000000 -1.00000000 0.00000000 / 255 0 0 255 / -0.19973390 0.00037260 / 1.00000000 0.00000000 0.00000000 1.00000000
				-6.62267200 -3.61274000 -2.27813900 / 0.00000000 -1.00000000 0.00000000 / 255 0 0 255 / -0.20978890 -0.04645690 / 1.00000000 0.00000000 0.00000240 1.00000000
				6.55986700 -3.61274000 -2.27813900 / 0.00000000 -1.00000000 0.00000000 / 255 0 0 255 / 1.20305700 -0.04645690 / 1.00000000 0.00000000 0.00000000 1.00000000
				6.46604900 -3.61274000 -2.35531900 / 0.00000000 -1.00000000 0.00000000 / 255 0 0 255 / 1.19300200 -0.03109150 / 1.00000000 0.00000000 0.00000000 1.00000000
				-7.04004700 3.37297900 2.51336200 / 0.00000000 0.00000000 1.00000000 / 255 0 0 255 / -0.25452110 -0.93579260 / 1.00000000 0.00000000 0.00000000 1.00000000
				6.97724200 3.37297900 -2.27813900 / 0.00000000 0.00000000 1.00000000 / 255 0 0 255 / 1.24779000 -0.93579210 / 1.00000000 0.00000020 0.00000000 1.00000000
				-7.04004700 3.37297900 1.11358900 / 0.00000000 -1.00000000 0.00000000 / 255 0 0 255 / -0.25452110 -0.72169890 / 1.00000000 0.00000000 0.00000000 1.00000000
				6.46604900 -3.61274000 -2.51336300 / 0.00000000 -1.00000000 0.00000000 / 255 0 0 255 / 1.19300200 0.00037260 / 1.00000000 0.00000000 -0.00000360 1.00000000
				6.55986700 -3.61274000 -2.51336300 / 0.00000000 -1.00000000 0.00000000 / 255 0 0 255 / 1.20305700 0.00037260 / 1.00000000 0.00000000 0.00000000 1.00000000
				6.46604900 -3.61274000 -2.51336300 / 0.00000000 0.00000000 1.00000000 / 255 0 0 255 / 1.19300200 -0.03323010 / 1.00000000 0.00000000 0.00000000 1.00000000
				6.55986700 -3.61274000 -2.51336300 / 0.00000000 0.00000000 1.00000000 / 255 0 0 255 / 1.20305700 -0.03323010 / 1.00000000 0.00000000 0.00000000 1.00000000
				6.97724200 3.37297900 1.43581500 / 0.00000000 -1.00000000 0.00000000 / 255 0 0 255 / 1.24779000 -0.78584910 / 1.00000000 0.00000000 0.00000000 1.00000000
				6.55986700 3.37297900 1.43581500 / 0.00000000 -1.00000000 0.00000000 / 255 0 0 255 / 1.20305700 -0.78584910 / 1.00000000 0.00000000 0.00000000 1.00000000
				6.55986700 -3.37834600 -2.51336300 / 1.00000000 0.00000000 0.00000000 / 255 0 0 255 / 0.06351400 0.00037260 / 1.00000000 0.00000000 0.00000000 1.00000000
				6.55986700 -3.37834600 -2.51336300 / 1.00000000 0.00000000 0.00000000 / 255 0 0 255 / 0.06351400 0.00037260 / 0.00000000 1.00000000 0.00000000 1.00000000
				6.55986700 -3.61274000 -2.27813900 / 1.00000000 0.00000000 0.00000000 / 255 0 0 255 / 0.03323010 -0.04645690 / 0.00000000 1.00000000 0.00000000 1.00000000
				6.55986700 -2.26194900 -2.27813900 / 0.00000000 0.00000000 1.00000000 / 255 0 0 255 / 1.20305700 -0.20775370 / 1.00000000 0.00000020 0.00000000 1.00000000
				6.55986700 -3.61274000 -2.51336300 / 1.00000000 0.00000000 0.00000000 / 255 0 0 255 / 0.03323010 0.00037260 / 0.00000000 1.00000000 0.00000000 1.00000000
				6.55986700 -3.37834600 -2.27813900 / 1.00000000 0.00000000 0.00000000 / 255 0 0 255 / 0.06351400 -0.04645690 / 0.00000000 1.00000000 0.00000000 1.00000000
				6.55986700 -3.37834600 -2.51336300 / 0.00000000 -1.00000000 0.00000000 / 255 0 0 255 / 1.20305700 0.00037260 / 1.00000000 0.00000000 0.00000000 1.00000000
				6.97724200 -3.37834600 -2.27813900 / 0.00000000 -1.00000000 0.00000000 / 255 0 0 255 / 1.24779000 -0.04645690 / 1.00000000 0.00000000 0.00000000 1.00000000
				6.55986700 -3.37834600 -2.27813900 / 0.00000000 -1.00000000 0.00000000 / 255 0 0 255 / 1.20305700 -0.04645690 / 1.00000000 0.00000000 0.00000000 1.00000000
				-6.62267200 3.37297900 1.11358900 / 0.00000000 -1.00000000 0.00000000 / 255 0 0 255 / -0.20978870 -0.72169890 / 1.00000000 0.00000000 0.00000000 1.00000000
				6.97724200 -3.37834600 -2.51336300 / 0.00000000 -1.00000000 0.00000000 / 255 0 0 255 / 1.24779000 0.00037260 / 1.00000000 0.00000000 0.00000000 1.00000000
				6.97724200 -3.37834600 -2.51336300 / 0.00000000 0.00000000 1.00000000 / 255 0 0 255 / 1.24779000 -0.06351390 / 1.00000000 0.00000190 0.00000000 1.00000000
				6.55986700 -3.12670100 -2.51336300 / 0.00000000 0.00000000 1.00000000 / 255 0 0 255 / 1.20305700 -0.09602680 / 1.00000000 0.00000190 0.00000000 1.00000000
				6.97724200 -3.12670100 -2.51336300 / 0.00000000 0.00000000 1.00000000 / 255 0 0 255 / 1.24779000 -0.09602671 / 1.00000000 0.00000170 0.00000000 1.00000000
				6.97724200 3.37297900 -2.27813900 / 0.00000000 0.00000000 1.00000000 / 255 0 0 255 / 1.24779000 -0.93579210 / 1.00000000 0.00000000 0.00000000 1.00000000
				6.97724200 -3.12670100 -2.51336300 / 1.00000000 0.00000000 0.00000000 / 255 0 0 255 / 0.09602671 0.00037260 / 0.00000000 1.00000000 0.00000000 1.00000000
				6.97724200 -3.37834600 -2.27813900 / 1.00000000 0.00000000 0.00000000 / 255 0 0 255 / 0.06351390 -0.04645690 / 0.00000000 1.00000000 0.00000000 1.00000000
				6.97724200 -3.37834600 -2.51336300 / 1.00000000 0.00000000 0.00000000 / 255 0 0 255 / 0.06351390 0.00037260 / 0.00000000 1.00000000 0.00000000 1.00000000
				6.97724200 -3.12670100 -2.27813900 / 1.00000000 0.00000000 0.00000000 / 255 0 0 255 / 0.09602671 -0.04645690 / 0.00000000 1.00000000 0.00000000 1.00000000
				6.97724200 -3.12670100 -2.51336300 / 0.00000000 1.00000000 0.00000000 / 255 0 0 255 / -0.24778950 0.00037260 / -1.00000000 0.00000000 0.00000000 1.00000000
				6.55986700 -3.12670100 -2.27813900 / 0.00000000 1.00000000 0.00000000 / 255 0 0 255 / -0.20305710 -0.04645690 / -1.00000000 0.00000000 0.00000000 1.00000000
				6.55986700 3.37297900 1.11358900 / 0.00000000 -1.00000000 0.00000000 / 255 0 0 255 / 1.20305700 -0.72169890 / 1.00000000 0.00000000 0.00000000 1.00000000
				6.97724200 -3.12670100 -2.27813900 / 0.00000000 1.00000000 0.00000000 / 255 0 0 255 / -0.24778950 -0.04645690 / -1.00000000 0.00000000 0.00000000 1.00000000
				6.55986700 -3.12670100 -2.51336300 / 0.00000000 1.00000000 0.00000000 / 255 0 0 255 / -0.20305710 0.00037260 / -1.00000000 0.00000000 0.00000000 1.00000000
				6.55986700 -2.82204000 -2.51336300 / 1.00000000 0.00000000 0.00000000 / 255 0 0 255 / 0.13538930 0.00037260 / 0.00000000 1.00000000 0.00000000 1.00000000
				-6.62267200 -3.37834600 -2.27813900 / 0.00000000 0.00000000 1.00000000 / 255 0 0 255 / -0.20978890 -0.06351440 / 1.00000000 0.00000000 0.00000000 1.00000000
				6.55986700 -3.12670100 -2.27813900 / 1.00000000 0.00000000 0.00000000 / 255 0 0 255 / 0.09602680 -0.04645690 / 0.00000000 1.00000000 0.00000000 1.00000000
				6.55986700 -3.12670100 -2.51336300 / 1.00000000 0.00000000 0.00000000 / 255 0 0 255 / 0.09602680 0.00037260 / 0.00000000 1.00000000 0.00000000 1.00000000
				6.55986700 -2.82204000 -2.27813900 / 1.00000000 0.00000000 0.00000000 / 255 0 0 255 / 0.13538930 -0.04645690 / 0.00000000 1.00000000 0.00000000 1.00000000
				6.55986700 -2.82204000 -2.51336300 / 0.00000000 -1.00000000 0.00000000 / 255 0 0 255 / 1.20305700 0.00037260 / 1.00000000 0.00000000 0.00000000 1.00000000
				6.97724200 -2.82204000 -2.27813900 / 0.00000000 -1.00000000 0.00000000 / 255 0 0 255 / 1.24779000 -0.04645690 / 1.00000000 0.00000000 0.00000000 1.00000000
				6.55986700 -2.82204000 -2.27813900 / 0.00000000 -1.00000000 0.00000000 / 255 0 0 255 / 1.20305700 -0.04645690 / 1.00000000 0.00000000 0.00000000 1.00000000
				6.97724200 -2.82204000 -2.51336300 / 0.00000000 -1.00000000 0.00000000 / 255 0 0 255 / 1.24779000 0.00037260 / 1.00000000 0.00000000 0.00000000 1.00000000
				6.97724200 3.37297900 1.11358900 / 0.00000000 -1.00000000 0.00000000 / 255 0 0 255 / 1.24779000 -0.72169890 / 1.00000000 0.00000000 0.00000000 1.00000000
				6.97724200 -2.82204000 -2.51336300 / 0.00000000 0.00000000 1.00000000 / 255 0 0 255 / 1.24779000 -0.13538930 / 1.00000000 0.00000000 0.00000000 1.00000000
				6.55986700 -2.52016400 -2.51336300 / 0.00000000 0.00000000 1.00000000 / 255 0 0 255 / 1.20305700 -0.17439200 / 1.00000000 0.00000000 0.00000000 1.00000000
				-6.62267200 -3.61274000 -2.27813900 / 0.00000000 0.00000000 1.00000000 / 255 0 0 255 / -0.20978890 -0.03323050 / 1.00000000 0.00000000 0.00000000 1.00000000
				6.55986700 -2.82204000 -2.51336300 / 0.00000000 0.00000000 1.00000000 / 255 0 0 255 / 1.20305700 -0.13538930 / 1.00000000 0.00000000 0.00000000 1.00000000
				6.97724200 -2.52016400 -2.51336300 / 0.00000000 0.00000000 1.00000000 / 255 0 0 255 / 1.24779000 -0.17439200 / 1.00000000 0.00000000 0.00000000 1.00000000
				6.97724200 -2.52016400 -2.51336300 / 1.00000000 0.00000000 0.00000000 / 255 0 0 255 / 0.17439200 0.00037260 / 0.00000000 1.00000000 0.00000000 1.00000000
				6.97724200 -2.82204000 -2.27813900 / 1.00000000 0.00000000 0.00000000 / 255 0 0 255 / 0.13538930 -0.04645690 / 0.00000000 1.00000000 0.00000000 1.00000000
				6.97724200 -2.82204000 -2.51336300 / 1.00000000 0.00000000 0.00000000 / 255 0 0 255 / 0.13538930 0.00037260 / 0.00000000 1.00000000 0.00000000 1.00000000
				6.97724200 -2.52016400 -2.51336300 / 0.00000000 1.00000000 0.00000000 / 255 0 0 255 / -0.24778950 0.00037260 / -1.00000000 0.00000000 0.00000000 1.00000000
				6.55986700 -2.52016400 -2.27813900 / 0.00000000 1.00000000 0.00000000 / 255 0 0 255 / -0.20305710 -0.04645690 / -1.00000000 0.00000000 0.00000000 1.00000000
				6.97724200 -2.52016400 -2.27813900 / 0.00000000 1.00000000 0.00000000 / 255 0 0 255 / -0.24778950 -0.04645690 / -1.00000000 0.00000000 0.00000000 1.00000000
				6.97724200 3.37297900 0.75600240 / 0.00000000 1.00000000 0.00000000 / 255 0 0 255 / -0.24778960 -0.65050860 / -1.00000000 0.00000000 0.00000000 1.00000000
				6.55986700 -2.52016400 -2.51336300 / 0.00000000 1.00000000 0.00000000 / 255 0 0 255 / -0.20305710 0.00037260 / -1.00000000 0.00000000 0.00000000 1.00000000
				-7.04004700 -3.12670100 -2.51336300 / 0.00000000 1.00000000 0.00000000 / 255 0 0 255 / 1.25452100 0.00037260 / -1.00000000 0.00000000 0.00000000 1.00000000
				6.55986700 -2.26194900 -2.51336300 / 1.00000000 0.00000000 0.00000000 / 255 0 0 255 / 0.20775370 0.00037260 / 0.00000000 1.00000000 0.00000000 1.00000000
				6.55986700 -2.52016400 -2.27813900 / 1.00000000 0.00000000 0.00000000 / 255 0 0 255 / 0.17439200 -0.04645690 / 0.00000000 1.00000000 0.00000000 1.00000000
				6.55986700 -2.52016400 -2.51336300 / 1.00000000 0.00000000 0.00000000 / 255 0 0 255 / 0.17439200 0.00037260 / 0.00000000 1.00000000 0.00000000 1.00000000
				6.55986700 -2.26194900 -2.27813900 / 1.00000000 0.00000000 0.00000000 / 255 0 0 255 / 0.20775370 -0.04645690 / 0.00000000 1.00000000 0.00000000 1.00000000
				6.55986700 -2.82204000 -2.27813900 / 1.00000000 0.00000000 0.00000000 / 255 0 0 255 / 0.13538930 -0.04645690 / 1.00000000 0.00000000 0.00000000 1.00000000
				6.55986700 -2.52016400 -2.27813900 / 1.00000000 0.00000000 0.00000000 / 255 0 0 255 / 0.17439200 -0.04645690 / 1.00000000 0.00000000 0.00000000 1.00000000
				6.55986700 -3.12670100 -2.27813900 / 1.00000000 0.00000000 0.00000000 / 255 0 0 255 / 0.09602680 -0.04645690 / 1.00000000 0.00000000 0.00000000 1.00000000
				6.55986700 -3.37834600 -2.27813900 / 1.00000000 0.00000000 0.00000000 / 255 0 0 255 / 0.06351400 -0.04645690 / 1.00000000 0.00000000 0.00000000 1.00000000
				6.55986700 -3.61274000 -2.27813900 / 1.00000000 0.00000000 0.00000000 / 255 0 0 255 / 0.03323010 -0.04645690 / 1.00000000 0.00000000 0.00000000 1.00000000
				6.55986700 3.37297900 1.11358900 / 0.00000000 1.00000000 0.00000000 / 255 0 0 255 / -0.20305720 -0.72169890 / -1.00000000 0.00000000 0.00000000 1.00000000
				-6.62267200 -3.37834600 -2.27813900 / -1.00000000 0.00000000 0.00000000 / 255 0 0 255 / 0.93648560 -0.04645690 / 0.00000000 -1.00000000 0.00000000 1.00000000
				6.97724200 -3.37834600 -2.27813900 / 0.00000000 0.00000000 -1.00000000 / 255 0 0 255 / -0.24778950 -0.06351390 / -1.00000000 -0.00000190 0.00000000 1.00000000
				6.55986700 -3.61274000 -2.27813900 / 0.00000000 0.00000000 -1.00000000 / 255 0 0 255 / -0.20305710 -0.03323010 / -1.00000000 -0.00000190 0.00000000 1.00000000
				6.55986700 -3.37834600 -2.27813900 / 0.00000000 0.00000000 -1.00000000 / 255 0 0 255 / -0.20305710 -0.06351400 / -1.00000000 -0.00000190 0.00000000 1.00000000
				6.97724200 -3.61274000 -2.27813900 / 0.00000000 0.00000000 -1.00000000 / 255 0 0 255 / -0.24778950 -0.03323010 / -1.00000000 0.00000000 0.00000000 1.00000000
				6.97724200 3.37297900 1.11358900 / 0.00000000 1.00000000 0.00000000 / 255 0 0 255 / -0.24778960 -0.72169890 / -1.00000000 0.00000000 0.00000000 1.00000000
				6.97724200 -3.37834600 -2.27813900 / 0.00000000 0.00000000 1.00000000 / 255 0 0 255 / 1.24779000 -0.06351390 / 1.00000000 0.00000190 0.00000000 1.00000000
				6.97724200 -3.12670100 -2.27813900 / 0.00000000 0.00000000 1.00000000 / 255 0 0 255 / 1.24779000 -0.09602671 / 1.00000000 0.00000170 0.00000000 1.00000000
				6.55986700 -3.12670100 -2.27813900 / 0.00000000 0.00000000 -1.00000000 / 255 0 0 255 / -0.20305710 -0.09602680 / -1.00000000 -0.00000170 0.00000000 1.00000000
				6.97724200 -2.82204000 -2.27813900 / 0.00000000 0.00000000 -1.00000000 / 255 0 0 255 / -0.24778950 -0.13538930 / -1.00000000 -0.00000170 0.00000000 1.00000000
				6.97724200 -3.12670100 -2.27813900 / 0.00000000 0.00000000 -1.00000000 / 255 0 0 255 / -0.24778950 -0.09602671 / -1.00000000 -0.00000170 0.00000000 1.00000000
				-6.62267200 -3.61274000 -2.51336300 / -1.00000000 0.00000000 0.00000000 / 255 0 0 255 / 0.96676950 0.00037260 / 0.00000000 -1.00000000 0.00000000 1.00000000
				6.55986700 -2.82204000 -2.27813900 / 0.00000000 0.00000000 -1.00000000 / 255 0 0 255 / -0.20305710 -0.13538930 / -1.00000000 0.00000000 0.00000000 1.00000000
				6.55986700 3.37297900 0.75600240 / 0.00000000 1.00000000 0.00000000 / 255 0 0 255 / -0.20305720 -0.65050860 / -1.00000000 0.00000000 0.00000000 1.00000000
				6.97724200 3.73992700 2.51336200 / 0.00000000 0.00000000 1.00000000 / 255 0 0 255 / 1.24779000 -0.98320210 / 1.00000000 0.00000030 0.00000000 1.00000000
				-7.04004700 3.37297900 -2.27813900 / 0.00000000 -1.00000000 0.00000000 / 255 0 0 255 / -0.25452110 -0.04645690 / 1.00000000 0.00000000 0.00000000 1.00000000
				6.97724200 -2.82204000 -2.27813900 / 0.00000000 0.00000000 1.00000000 / 255 0 0 255 / 1.24779000 -0.13538930 / 1.00000000 0.00000000 0.00000000 1.00000000
				6.97724200 -2.52016400 -2.27813900 / 0.00000000 0.00000000 1.00000000 / 255 0 0 255 / 1.24779000 -0.17439200 / 1.00000000 0.00000000 0.00000000 1.00000000
				6.97724200 3.37297900 0.75600240 / 0.00000000 -1.00000000 0.00000000 / 255 0 0 255 / 1.24779000 -0.65050860 / 1.00000000 0.00000000 0.00000000 1.00000000
				6.55986700 3.37297900 0.75600240 / 0.00000000 -1.00000000 0.00000000 / 255 0 0 255 / 1.20305700 -0.65050860 / 1.00000000 0.00000000 0.00000000 1.00000000
				-6.62267200 3.37297900 1.43581500 / 0.00000000 -1.00000000 0.00000000 / 255 0 0 255 / -0.20978870 -0.78584910 / 1.00000000 0.00000000 0.00000000 1.00000000
				-6.62267200 3.37297900 1.43581500 / 0.00000000 1.00000000 0.00000000 / 255 0 0 255 / 1.20978900 -0.78584910 / -1.00000000 0.00000000 0.00000000 1.00000000
				-6.62267200 -3.37834600 -2.51336300 / 0.00000000 0.00000000 1.00000000 / 255 0 0 255 / -0.20978890 -0.06351440 / 1.00000000 0.00000000 0.00000000 1.00000000
				-7.04004700 3.37297900 1.70943400 / 0.00000000 1.00000000 0.00000000 / 255 0 0 255 / 1.25452100 -0.84032250 / -1.00000000 0.00000000 0.00000000 1.00000000
				-6.62267200 3.37297900 1.70943400 / 0.00000000 1.00000000 0.00000000 / 255 0 0 255 / 1.20978900 -0.84032250 / -1.00000000 0.00000000 0.00000000 1.00000000
				-7.04004700 3.37297900 1.43581500 / 0.00000000 1.00000000 0.00000000 / 255 0 0 255 / 1.25452100 -0.78584910 / -1.00000000 0.00000000 0.00000000 1.00000000
				6.97724200 3.37297900 -2.27813900 / 0.00000000 -1.00000000 0.00000000 / 255 0 0 255 / 1.24779000 -0.04645690 / 1.00000000 0.00000000 0.00000000 1.00000000
				-7.04004700 3.37297900 1.43581500 / 1.00000000 0.00000000 0.00000000 / 255 0 0 255 / 0.93579260 -0.78584910 / 1.00000000 0.00000000 0.00000000 1.00000000
				6.97724200 3.37297900 -2.27813900 / 0.00000000 0.00000000 1.00000000 / 255 0 0 255 / 1.24779000 -0.93579210 / 1.00000000 0.00000030 0.00000000 1.00000000
				-7.04004700 3.73992700 -2.27813900 / 0.00000000 0.00000000 1.00000000 / 255 0 0 255 / -0.25452110 -0.98320260 / 1.00000000 0.00000030 0.00000000 1.00000000
				7.20532600 3.86993800 -2.51336300 / 1.00000000 0.00000000 0.00000000 / 255 0 0 255 / 0.99999980 0.00037260 / 0.00000000 1.00000000 0.00000000 1.00000000
				7.20532600 -2.26194900 -2.27813900 / 1.00000000 0.00000000 0.00000000 / 255 0 0 255 / 0.20775370 -0.04645690 / 0.00000000 1.00000000 0.00000000 1.00000000
				7.20532600 -2.26194900 -2.51336300 / 1.00000000 0.00000000 0.00000000 / 255 0 0 255 / 0.20775370 0.00037260 / 0.00000000 1.00000000 0.00000000 1.00000000
				-7.20532600 3.86993800 -2.27813900 / 0.00000000 1.00000000 0.00000000 / 255 0 0 255 / 1.27223500 -0.04645690 / -1.00000000 0.00000000 -0.00002790 1.00000000
				-6.62267200 -2.26194900 -2.51336300 / 0.00000000 0.00000000 1.00000000 / 255 0 0 255 / -0.20978890 -0.20775410 / 1.00000000 0.00000020 0.00000000 1.00000000
				7.20532600 3.37297900 -2.27813900 / 1.00000000 0.00000000 0.00000000 / 255 0 0 255 / 0.93579210 -0.04645690 / 0.00000000 1.00000000 0.00000000 1.00000000
				7.20532600 3.73992700 -2.27813900 / 1.00000000 0.00000000 0.00000000 / 255 0 0 255 / 0.98320210 -0.04645690 / 0.00000000 1.00000000 0.00000000 1.00000000
				-7.04004700 3.37297900 -2.27813900 / 0.00000000 0.00000000 1.00000000 / 255 0 0 255 / -0.25452110 -0.93579260 / 1.00000000 0.00000030 0.00000000 1.00000000
				7.20532600 3.86993800 -2.27813900 / 1.00000000 0.00000000 0.00000000 / 255 0 0 255 / 0.99999980 -0.04645690 / 0.00000000 1.00000000 0.00000000 1.00000000
				-6.62267200 -3.12670100 -2.51336300 / -1.00000000 0.00000000 0.00000000 / 255 0 0 255 / 0.90397280 0.00037260 / 0.00000000 -1.00000000 0.00000000 1.00000000
				-6.62267200 -2.82204000 -2.27813900 / -1.00000000 0.00000000 0.00000000 / 255 0 0 255 / 0.86461030 -0.04645690 / 0.00000000 -1.00000000 0.00000000 1.00000000
				-6.62267200 -2.82204000 -2.51336300 / -1.00000000 0.00000000 0.00000000 / 255 0 0 255 / 0.86461030 0.00037260 / 0.00000000 -1.00000000 0.00000000 1.00000000
				-6.62267200 -3.12670100 -2.27813900 / -1.00000000 0.00000000 0.00000000 / 255 0 0 255 / 0.90397280 -0.04645690 / 0.00000000 -1.00000000 0.00000000 1.00000000
				6.97724200 3.37297900 2.51336200 / 0.00000000 0.00000000 1.00000000 / 255 0 0 255 / 1.24779000 -0.93579210 / 1.00000000 0.00000220 0.00000000 1.00000000
				6.97724200 3.37297900 2.51064300 / 0.00000000 1.00000000 0.00000000 / 255 0 0 255 / -0.24778960 -0.99983130 / -1.00000000 0.00000000 0.00000000 1.00000000
				-6.62267200 -3.37834600 -2.51336300 / 0.00000000 0.00000000 1.00000000 / 255 0 0 255 / -0.20978890 -0.06351440 / 1.00000000 0.00000020 0.00000000 1.00000000
				6.55986700 3.37297900 2.51336200 / 0.00000000 1.00000000 0.00000000 / 255 0 0 255 / -0.20305720 -1.00037300 / -1.00000000 0.00000000 0.00000000 1.00000000
				6.97724200 3.73992700 -2.27813900 / 0.00000000 0.00000000 1.00000000 / 255 0 0 255 / 1.24779000 -0.98320210 / 1.00000000 0.00000030 0.00000000 1.00000000
				6.97724200 3.37297900 2.51336200 / 0.00000000 1.00000000 0.00000000 / 255 0 0 255 / -0.24778960 -1.00037300 / -1.00000000 0.00000000 0.00000000 1.00000000
				6.55986700 3.37297900 2.51064300 / 0.00000000 1.00000000 0.00000000 / 255 0 0 255 / -0.20305720 -0.99983130 / -1.00000000 0.00000000 0.00000000 1.00000000
				6.97724200 3.73992700 -2.27813900 / 1.00000000 0.00000000 0.00000000 / 255 0 0 255 / 0.98320210 -0.04645690 / 0.00000000 1.00000000 0.00000000 1.00000000
				6.97724200 3.37297900 0.75600240 / 1.00000000 0.00000000 0.00000000 / 255 0 0 255 / 0.93579210 -0.65050860 / 0.00000000 1.00000000 0.00000000 1.00000000
				6.55986700 3.37297900 2.51336200 / 0.00000000 0.00000000 1.00000000 / 255 0 0 255 / 1.20305700 -0.93579220 / 1.00000000 0.00000020 0.00000000 1.00000000
				6.97724200 3.37297900 -2.27813900 / 1.00000000 0.00000000 0.00000000 / 255 0 0 255 / 0.93579210 -0.04645690 / 0.00000000 1.00000000 0.00000000 1.00000000
				6.97724200 3.37297900 1.11358900 / 1.00000000 0.00000000 0.00000000 / 255 0 0 255 / 0.93579210 -0.72169890 / 0.00000000 1.00000000 -0.00002400 1.00000000
				6.97724200 3.37297900 1.43581500 / 1.00000000 0.00000000 0.00000000 / 255 0 0 255 / 0.93579210 -0.78584910 / 0.00000000 1.00000000 0.00001650 1.00000000
				7.20532600 3.86993800 -2.51336300 / 0.00000000 0.00000000 1.00000000 / 255 0 0 255 / 1.27223500 -0.99999980 / 1.00000000 0.00000020 0.00000000 1.00000000
				6.97724200 3.37297900 1.70943400 / 1.00000000 0.00000000 0.00000000 / 255 0 0 255 / 0.93579210 -0.84032250 / 0.00000000 1.00000000 0.00000520 1.00000000
				6.97724200 3.37297900 2.02816100 / 1.00000000 0.00000000 0.00000000 / 255 0 0 255 / 0.93579210 -0.90377630 / 0.00000000 1.00000000 -0.00000900 1.00000000
				6.97724200 3.37297900 2.25627100 / 1.00000000 0.00000000 0.00000000 / 255 0 0 255 / 0.93579210 -0.94918970 / 0.00000000 1.00000000 -0.00005370 1.00000000
				6.97724200 3.37297900 2.51064300 / 1.00000000 0.00000000 0.00000000 / 255 0 0 255 / 0.93579210 -0.99983130 / 0.00000000 1.00000000 0.00001680 1.00000000
				6.97724200 3.37297900 2.51336200 / 1.00000000 0.00000000 0.00000000 / 255 0 0 255 / 0.93579210 -1.00037300 / 0.00000000 0.99995590 -0.00939260 1.00000000
				6.97724200 3.73992700 2.51336200 / 1.00000000 0.00000000 0.00000000 / 255 0 0 255 / 0.98320210 -1.00037300 / 0.00000000 1.00000000 0.00000000 1.00000000
				6.97724200 3.73992700 -2.27813900 / 0.00000000 1.00000000 0.00000000 / 255 0 0 255 / -0.24778970 -0.04645690 / -1.00000000 0.00000000 0.00000000 1.00000000
				-6.62267200 3.37297900 2.51336200 / 0.00000000 -1.00000000 0.00000000 / 255 0 0 255 / -0.20978870 -1.00037300 / 1.00000000 0.00000000 0.00000000 1.00000000
				-7.04004700 3.73992700 2.51336200 / 0.00000000 1.00000000 0.00000000 / 255 0 0 255 / 1.25452100 -1.00037300 / -1.00000000 0.00000000 0.00000000 1.00000000
				6.97724200 3.73992700 2.51336200 / 0.00000000 1.00000000 0.00000000 / 255 0 0 255 / -0.24778970 -1.00037300 / -1.00000000 0.00000000 0.00000000 1.00000000
				-7.04004700 3.86993800 -2.51336300 / 0.00000000 0.00000000 1.00000000 / 255 0 0 255 / -0.25452110 -1.00000000 / 1.00000000 0.00000000 0.00000000 1.00000000
				-7.04004700 3.73992700 -2.27813900 / 0.00000000 1.00000000 0.00000000 / 255 0 0 255 / 1.25452100 -0.04645690 / -1.00000000 0.00000000 0.00000000 1.00000000
				-7.04004700 3.86993800 -2.27813900 / 0.00000000 0.00000000 1.00000000 / 255 0 0 255 / -0.25452110 -1.00000000 / 1.00000000 0.00000030 0.00000000 1.00000000
				-7.04004700 3.73992700 -2.27813900 / 1.00000000 0.00000000 0.00000000 / 255 0 0 255 / 0.98320260 -0.04645690 / 0.00000000 1.00000000 0.00000000 1.00000000
				-7.04004700 3.86993800 -2.48345000 / 1.00000000 0.00000000 0.00000000 / 255 0 0 255 / 1.00000000 -0.00558250 / 0.00000000 1.00000000 0.00000000 1.00000000
				-7.04004700 3.86993800 -2.27813900 / 1.00000000 0.00000000 0.00000000 / 255 0 0 255 / 1.00000000 -0.04645690 / 0.00000000 1.00000000 0.00000000 1.00000000
				-7.04004700 3.37297900 -2.27813900 / 1.00000000 0.00000000 0.00000000 / 255 0 0 255 / 0.93579260 -0.04645690 / 0.00000000 1.00000000 0.00000000 1.00000000
				-7.04004700 -2.26194900 -2.27813900 / 1.00000000 0.00000000 0.00000000 / 255 0 0 255 / 0.20775410 -0.04645690 / 0.00000000 1.00000000 0.00000000 1.00000000
				-7.04004700 -2.26194900 -2.48345000 / 1.00000000 0.00000000 0.00000000 / 255 0 0 255 / 0.20775410 -0.00558250 / 0.00000000 1.00000000 0.00000000 1.00000000
				6.55986700 3.37297900 2.51064300 / 0.00000000 -1.00000000 0.00000000 / 255 0 0 255 / 1.20305700 -0.99983130 / 1.00000000 0.00000000 0.00000000 1.00000000
				-7.04004700 -2.26194900 -2.48345000 / 0.00000000 -1.00000000 0.00000000 / 255 0 0 255 / -0.25452130 -0.00558250 / 1.00000000 0.00000000 0.00000000 1.00000000
				-6.62267200 -2.26194900 -2.51336300 / 0.00000000 0.00000000 1.00000000 / 255 0 0 255 / -0.20978890 -0.20775410 / 1.00000000 0.00000000 0.00000000 1.00000000
				-6.62267200 -2.26194900 -2.27813900 / 0.00000000 -1.00000000 0.00000000 / 255 0 0 255 / -0.20978890 -0.04645690 / 1.00000000 0.00000000 0.00000000 1.00000000
				-7.04004700 -2.26194900 -2.27813900 / 0.00000000 -1.00000000 0.00000000 / 255 0 0 255 / -0.25452130 -0.04645690 / 1.00000000 0.00000000 0.00000000 1.00000000
				-7.04004700 -2.26194900 -2.51336300 / 0.00000000 -1.00000000 0.00000000 / 255 0 0 255 / -0.25452130 0.00037260 / 1.00000000 0.00000000 -0.00001110 1.00000000
				-6.62267200 -2.26194900 -2.51336300 / 0.00000000 -1.00000000 0.00000000 / 255 0 0 255 / -0.20978890 0.00037260 / 1.00000000 0.00000000 0.00000000 1.00000000
				-7.04004700 3.86993800 -2.51336300 / 0.00000000 0.00000000 1.00000000 / 255 0 0 255 / -0.25452110 -1.00000000 / 1.00000000 0.00000000 0.00000000 1.00000000
				-7.04004700 -2.26194900 -2.51336300 / 0.00000000 0.00000000 1.00000000 / 255 0 0 255 / -0.25452130 -0.20775410 / 1.00000000 0.00000000 0.00000000 1.00000000
				-6.62267200 -2.26194900 -2.51336300 / 0.00000000 0.00000000 1.00000000 / 255 0 0 255 / -0.20978890 -0.20775410 / 1.00000000 0.00000000 0.00000000 1.00000000
				-7.20532600 3.86993800 -2.51336300 / 0.00000000 0.00000000 1.00000000 / 255 0 0 255 / -0.27223500 -1.00000000 / 1.00000000 0.00000000 0.00000000 1.00000000
				-7.20532600 -2.26194900 -2.51336300 / 0.00000000 0.00000000 1.00000000 / 255 0 0 255 / -0.27223510 -0.20775410 / 1.00000000 0.00000000 0.00000000 1.00000000
				-6.62267200 3.37297900 2.51336200 / 0.00000000 0.00000000 1.00000000 / 255 0 0 255 / -0.20978870 -0.93579260 / 1.00000000 0.00000030 0.00000000 1.00000000
				7.20532600 3.86993800 -2.51336300 / 0.00000000 0.00000000 1.00000000 / 255 0 0 255 / 1.27223500 -0.99999980 / 1.00000000 0.00000000 0.00000000 1.00000000
				-7.04004700 3.73992700 2.51336200 / 0.00000000 0.00000000 1.00000000 / 255 0 0 255 / -0.25452110 -0.98320260 / 1.00000000 0.00000030 0.00000000 1.00000000
				-6.62267200 3.37297900 2.51336200 / 0.00000000 0.00000000 1.00000000 / 255 0 0 255 / -0.20978870 -0.93579260 / 1.00000000 0.00000020 0.00000000 1.00000000
				6.97724200 3.73992700 2.51336200 / 0.00000000 0.00000000 1.00000000 / 255 0 0 255 / 1.24779000 -0.98320210 / 1.00000000 0.00000020 0.00000000 1.00000000
				6.55986700 3.37297900 2.51336200 / 0.00000000 -1.00000000 0.00000000 / 255 0 0 255 / 1.20305700 -1.00037300 / 1.00000000 0.00000000 0.00000000 1.00000000
				-7.20532600 -2.26194900 -2.51336300 / -1.00000000 0.00000000 0.00000000 / 255 0 0 255 / 0.79224600 0.00037260 / 0.00000000 -1.00000000 0.00000000 1.00000000
				-6.62267200 3.37297900 2.51336200 / 0.00000000 -1.00000000 0.00000000 / 255 0 0 255 / -0.20978870 -1.00037300 / 1.00000000 0.00000000 0.00000000 1.00000000
				6.55986700 3.37297900 2.51064300 / 0.00000000 -1.00000000 0.00000000 / 255 0 0 255 / 1.20305700 -0.99983130 / 1.00000000 0.00000000 0.00000000 1.00000000
				6.55986700 3.37297900 2.51064300 / 1.00000000 0.00000000 0.00000000 / 255 0 0 255 / 0.93579220 -0.99983130 / 1.00000000 0.00000000 0.00000000 1.00000000
				-6.62267200 3.37297900 2.51064300 / 1.00000000 0.00000000 0.00000000 / 255 0 0 255 / 0.93579260 -0.99983130 / 1.00000000 0.00000000 0.00000000 1.00000000
				-6.62267200 3.37297900 2.51064300 / 0.00000000 -1.00000000 0.00000000 / 255 0 0 255 / -0.20978870 -0.99983130 / 1.00000000 0.00000000 0.00000000 1.00000000
				-6.62267200 -2.26194900 -2.51336300 / 1.00000000 0.00000000 0.00000000 / 255 0 0 255 / 0.20775410 0.00037260 / 1.00000000 0.00000000 0.00000000 1.00000000
				6.97724200 3.37297900 2.51064300 / 0.00000000 -1.00000000 0.00000000 / 255 0 0 255 / 1.24779000 -0.99983130 / 1.00000000 0.00000000 0.00000000 1.00000000
				6.97724200 3.37297900 2.51064300 / 0.00000000 -1.00000000 0.00000000 / 255 0 0 255 / 1.24779000 -0.99983130 / 1.00000000 0.00000000 0.00000000 1.00000000
				-7.04004700 3.37297900 2.25627100 / 0.00000000 -1.00000000 0.00000000 / 255 0 0 255 / -0.25452110 -0.94918970 / 1.00000000 0.00000000 0.00000000 1.00000000
				6.97724200 3.37297900 2.51064300 / 0.00000000 -1.00000000 0.00000000 / 255 0 0 255 / 1.24779000 -0.99983130 / 1.00000000 0.00000000 0.00000000 1.00000000
				-6.62267200 3.37297900 2.25627100 / 0.00000000 -1.00000000 0.00000000 / 255 0 0 255 / -0.20978870 -0.94918970 / 1.00000000 0.00000000 0.00000000 1.00000000
				-7.20532600 3.37297900 -2.27813900 / -1.00000000 0.00000000 0.00000000 / 255 0 0 255 / 0.06420740 -0.04645690 / 0.00000000 -1.00000000 0.00000000 1.00000000
				6.97724200 3.37297900 2.51064300 / 0.00000000 -1.00000000 0.00000000 / 255 0 0 255 / 1.24779000 -0.99983130 / 1.00000000 0.00000000 0.00000000 1.00000000
				6.55986700 3.37297900 2.25627100 / 0.00000000 -1.00000000 0.00000000 / 255 0 0 255 / 1.20305700 -0.94918970 / 1.00000000 0.00000000 0.00000000 1.00000000
				6.97724200 3.37297900 2.02816100 / 0.00000000 1.00000000 0.00000000 / 255 0 0 255 / -0.24778960 -0.90377630 / -1.00000000 0.00000000 0.00000000 1.00000000
				6.55986700 3.37297900 2.25627100 / 0.00000000 1.00000000 0.00000000 / 255 0 0 255 / -0.20305720 -0.94918970 / -1.00000000 0.00000000 0.00000000 1.00000000
				-6.62267200 -3.12670100 -2.27813900 / 0.00000000 1.00000000 0.00000000 / 255 0 0 255 / 1.20978900 -0.04645690 / -1.00000000 0.00000000 0.00000000 1.00000000
				-7.04004700 3.37297900 2.02816100 / 0.00000000 -1.00000000 0.00000000 / 255 0 0 255 / -0.25452110 -0.90377630 / 1.00000000 0.00000000 0.00000000 1.00000000
				6.97724200 3.37297900 2.02816100 / 0.00000000 -1.00000000 0.00000000 / 255 0 0 255 / 1.24779000 -0.90377630 / 1.00000000 0.00000000 0.00000000 1.00000000
				6.97724200 3.37297900 2.02816100 / 0.00000000 -1.00000000 0.00000000 / 255 0 0 255 / 1.24779000 -0.90377630 / 1.00000000 0.00000000 0.00000000 1.00000000
				-7.04004700 3.37297900 1.70943400 / 0.00000000 -1.00000000 0.00000000 / 255 0 0 255 / -0.25452110 -0.84032250 / 1.00000000 0.00000000 0.00000000 1.00000000
				6.97724200 3.37297900 2.02816100 / 0.00000000 -1.00000000 0.00000000 / 255 0 0 255 / 1.24779000 -0.90377630 / 1.00000000 0.00000000 0.00000000 1.00000000
				-6.62267200 3.37297900 1.70943400 / 0.00000000 -1.00000000 0.00000000 / 255 0 0 255 / -0.20978870 -0.84032250 / 1.00000000 0.00000000 0.00000000 1.00000000
				-7.20532600 3.86993800 -2.51336300 / -1.00000000 0.00000000 0.00000000 / 255 0 0 255 / -0.00000020 0.00037260 / 0.00000000 -1.00000000 0.00000000 1.00000000
				6.97724200 3.37297900 2.02816100 / 0.00000000 -1.00000000 0.00000000 / 255 0 0 255 / 1.24779000 -0.90377630 / 1.00000000 0.00000000 0.00000000 1.00000000
				6.55986700 3.37297900 1.70943400 / 0.00000000 -1.00000000 0.00000000 / 255 0 0 255 / 1.20305700 -0.84032250 / 1.00000000 0.00000000 0.00000000 1.00000000
				6.97724200 3.37297900 1.43581500 / 0.00000000 1.00000000 0.00000000 / 255 0 0 255 / -0.24778960 -0.78584910 / -1.00000000 0.00000000 0.00000000 1.00000000
				-6.62267200 -2.52016400 -2.51336300 / 1.00000000 0.00000000 0.00000000 / 255 0 0 255 / 0.17439250 0.00037260 / 1.00000000 0.00000000 0.00000000 1.00000000
				6.55986700 3.37297900 1.70943400 / 0.00000000 1.00000000 0.00000000 / 255 0 0 255 / -0.20305720 -0.84032250 / -1.00000000 0.00000000 0.00000000 1.00000000
				-7.04004700 3.37297900 1.11358900 / 0.00000000 -1.00000000 0.00000000 / 255 0 0 255 / -0.25452110 -0.72169890 / 1.00000000 0.00000000 0.00000000 1.00000000
				6.97724200 3.37297900 1.43581500 / 0.00000000 -1.00000000 0.00000000 / 255 0 0 255 / 1.24779000 -0.78584910 / 1.00000000 0.00000000 0.00000000 1.00000000
				6.97724200 3.37297900 1.43581500 / 0.00000000 -1.00000000 0.00000000 / 255 0 0 255 / 1.24779000 -0.78584910 / 1.00000000 0.00000000 0.00000000 1.00000000
				-6.62267200 3.37297900 1.11358900 / 0.00000000 -1.00000000 0.00000000 / 255 0 0 255 / -0.20978870 -0.72169890 / 1.00000000 0.00000000 0.00000000 1.00000000
				6.97724200 3.37297900 1.43581500 / 0.00000000 -1.00000000 0.00000000 / 255 0 0 255 / 1.24779000 -0.78584910 / 1.00000000 0.00000000 0.00000000 1.00000000
				6.55986700 3.37297900 1.11358900 / 0.00000000 -1.00000000 0.00000000 / 255 0 0 255 / 1.20305700 -0.72169890 / 1.00000000 0.00000000 0.00000000 1.00000000
				-7.20532600 -2.26194900 -2.27813900 / -1.00000000 0.00000000 0.00000000 / 255 0 0 255 / 0.79224600 -0.04645690 / 0.00000000 -1.00000000 0.00000000 1.00000000
				6.97724200 3.37297900 0.75600240 / 0.00000000 1.00000000 0.00000000 / 255 0 0 255 / -0.24778960 -0.65050860 / -1.00000000 0.00000000 0.00000000 1.00000000
				6.55986700 3.37297900 1.11358900 / 0.00000000 1.00000000 0.00000000 / 255 0 0 255 / -0.20305720 -0.72169890 / -1.00000000 0.00000000 0.00000000 1.00000000
				-6.62267200 -3.37834600 -2.51336300 / 1.00000000 0.00000000 0.00000000 / 255 0 0 255 / 0.06351440 0.00037260 / 1.00000000 0.00000000 0.00000000 1.00000000
				-7.04004700 3.37297900 -2.27813900 / 0.00000000 -1.00000000 0.00000000 / 255 0 0 255 / -0.25452110 -0.04645690 / 1.00000000 0.00000000 0.00000000 1.00000000
				6.97724200 3.37297900 0.75600240 / 0.00000000 -1.00000000 0.00000000 / 255 0 0 255 / 1.24779000 -0.65050860 / 1.00000000 0.00000000 0.00000000 1.00000000
				6.97724200 3.37297900 -2.27813900 / 0.00000000 0.00000000 1.00000000 / 255 0 0 255 / 1.24779000 -0.93579210 / 1.00000000 0.00000030 0.00000000 1.00000000
				-7.04004700 3.73992700 -2.27813900 / 0.00000000 0.00000000 1.00000000 / 255 0 0 255 / -0.25452110 -0.98320260 / 1.00000000 0.00000030 0.00000000 1.00000000
				6.97724200 3.73992700 -2.27813900 / 1.00000000 0.00000000 0.00000000 / 255 0 0 255 / 0.98320210 -0.04645690 / 0.00000000 1.00000000 -0.00002400 1.00000000
				6.97724200 3.37297900 0.75600240 / 1.00000000 0.00000000 0.00000000 / 255 0 0 255 / 0.93579210 -0.65050860 / 0.00000000 1.00000000 -0.00002400 1.00000000
				6.97724200 3.73992700 -2.27813900 / 1.00000000 0.00000000 0.00000000 / 255 0 0 255 / 0.98320210 -0.04645690 / 0.00000000 1.00000000 0.00001650 1.00000000
				6.97724200 3.37297900 1.11358900 / 1.00000000 0.00000000 0.00000000 / 255 0 0 255 / 0.93579210 -0.72169890 / 0.00000000 1.00000000 0.00001650 1.00000000
				-7.20532600 -2.26194900 -2.51336300 / 0.00000000 -1.00000000 0.00000000 / 255 0 0 255 / -0.27223510 0.00037260 / 1.00000000 0.00000000 0.00000350 1.00000000
				6.97724200 3.73992700 -2.27813900 / 1.00000000 0.00000000 0.00000000 / 255 0 0 255 / 0.98320210 -0.04645690 / 0.00000000 1.00000000 0.00000520 1.00000000
				-7.20532600 3.86993800 -2.27813900 / 0.00000000 1.00000000 0.00000000 / 255 0 0 255 / 1.27223500 -0.04645690 / -1.00000000 0.00000000 0.00000000 1.00000000
				-6.62267200 -2.52016400 -2.51336300 / -1.00000000 0.00000000 0.00000000 / 255 0 0 255 / 0.82560750 0.00037260 / 0.00000000 -1.00000000 0.00000000 1.00000000
				6.97724200 3.37297900 1.43581500 / 1.00000000 0.00000000 0.00000000 / 255 0 0 255 / 0.93579210 -0.78584910 / 0.00000000 1.00000000 0.00000520 1.00000000
				6.97724200 3.73992700 -2.27813900 / 1.00000000 0.00000000 0.00000000 / 255 0 0 255 / 0.98320210 -0.04645690 / 0.00000000 1.00000000 -0.00000900 1.00000000
				6.97724200 3.37297900 1.70943400 / 1.00000000 0.00000000 0.00000000 / 255 0 0 255 / 0.93579210 -0.84032250 / 0.00000000 1.00000000 -0.00000900 1.00000000
				6.97724200 3.73992700 -2.27813900 / 1.00000000 0.00000000 0.00000000 / 255 0 0 255 / 0.98320210 -0.04645690 / 0.00000000 1.00000000 -0.00005370 1.00000000
				6.97724200 3.37297900 2.02816100 / 1.00000000 0.00000000 0.00000000 / 255 0 0 255 / 0.93579210 -0.90377630 / 0.00000000 1.00000000 -0.00005370 1.00000000
				6.97724200 3.73992700 -2.27813900 / 1.00000000 0.00000000 0.00000000 / 255 0 0 255 / 0.98320210 -0.04645690 / 0.00000000 1.00000000 0.00001680 1.00000000
				6.97724200 3.37297900 2.25627100 / 1.00000000 0.00000000 0.00000000 / 255 0 0 255 / 0.93579210 -0.94918970 / 0.00000000 1.00000000 0.00001680 1.00000000
				6.97724200 3.73992700 -2.27813900 / 1.00000000 0.00000000 0.00000000 / 255 0 0 255 / 0.98320210 -0.04645690 / 0.00000000 0.99995590 -0.00939260 1.00000000
				6.97724200 3.37297900 2.51064300 / 1.00000000 0.00000000 0.00000000 / 255 0 0 255 / 0.93579210 -0.99983130 / 0.00000000 0.99995590 -0.00939260 1.00000000
				-7.20532600 -2.26194900 -2.27813900 / 0.00000000 -1.00000000 0.00000000 / 255 0 0 255 / -0.27223510 -0.04645690 / 1.00000000 0.00000000 0.00000350 1.00000000
				-6.62267200 -2.26194900 -2.27813900 / -1.00000000 0.00000000 0.00000000 / 255 0 0 255 / 0.79224600 -0.04645690 / 0.00000000 -1.00000000 0.00000000 1.00000000
				6.97724200 3.73992700 -2.27813900 / 1.00000000 0.00000000 0.00000000 / 255 0 0 255 / 0.98320210 -0.04645690 / 0.00000000 1.00000000 0.00000000 1.00000000
				6.97724200 3.37297900 2.51336200 / 1.00000000 0.00000000 0.00000000 / 255 0 0 255 / 0.93579210 -1.00037300 / 0.00000000 1.00000000 0.00000000 1.00000000
				6.97724200 3.73992700 -2.27813900 / 0.00000000 1.00000000 0.00000000 / 255 0 0 255 / -0.24778970 -0.04645690 / -1.00000000 0.00000000 0.00000000 1.00000000
				-7.04004700 3.73992700 2.51336200 / 0.00000000 1.00000000 0.00000000 / 255 0 0 255 / 1.25452100 -1.00037300 / -1.00000000 0.00000000 0.00000000 1.00000000
				-7.04004700 3.73992700 -2.27813900 / 0.00000000 0.00000000 1.00000000 / 255 0 0 255 / -0.25452110 -0.98320260 / 1.00000000 0.00000030 0.00000000 1.00000000
				6.97724200 3.73992700 -2.27813900 / 0.00000000 0.00000000 1.00000000 / 255 0 0 255 / 1.24779000 -0.98320210 / 1.00000000 0.00000030 0.00000000 1.00000000
				-7.04004700 3.73992700 -2.27813900 / 1.00000000 0.00000000 0.00000000 / 255 0 0 255 / 0.98320260 -0.04645690 / 0.00000000 1.00000000 0.00000000 1.00000000
				-7.04004700 3.86993800 -2.48345000 / 1.00000000 0.00000000 0.00000000 / 255 0 0 255 / 1.00000000 -0.00558250 / 0.00000000 1.00000000 0.00000000 1.00000000
				-7.04004700 3.86993800 -2.48345000 / 1.00000000 0.00000000 0.00000000 / 255 0 0 255 / 1.00000000 -0.00558250 / 0.00000000 1.00000000 0.00000000 1.00000000
				-7.04004700 3.37297900 -2.27813900 / 1.00000000 0.00000000 0.00000000 / 255 0 0 255 / 0.93579260 -0.04645690 / 0.00000000 1.00000000 0.00000000 1.00000000
				-6.62267200 -2.52016400 -2.51336300 / 0.00000000 1.00000000 0.00000000 / 255 0 0 255 / 1.20978900 0.00037260 / -1.00000000 0.00000000 0.00000000 1.00000000
				-7.04004700 -2.26194900 -2.27813900 / 0.00000000 -1.00000000 0.00000000 / 255 0 0 255 / -0.25452130 -0.04645690 / 1.00000000 0.00000000 0.00000000 1.00000000
				-7.04004700 3.86993800 -2.48345000 / 1.00000000 0.00000000 0.00000000 / 255 0 0 255 / 1.00000000 -0.00558250 / 0.00000000 1.00000000 0.00000000 1.00000000
				-7.04004700 -2.26194900 -2.27813900 / 1.00000000 0.00000000 0.00000000 / 255 0 0 255 / 0.20775410 -0.04645690 / 0.00000000 1.00000000 0.00000000 1.00000000
				-7.04004700 -2.26194900 -2.48345000 / 0.00000000 -1.00000000 0.00000000 / 255 0 0 255 / -0.25452130 -0.00558250 / 1.00000000 0.00000000 -0.00001110 1.00000000
				-6.62267200 -2.26194900 -2.27813900 / 0.00000000 -1.00000000 0.00000000 / 255 0 0 255 / -0.20978890 -0.04645690 / 1.00000000 0.00000000 -0.00001110 1.00000000
				-6.62267200 -2.26194900 -2.27813900 / 0.00000000 -1.00000000 0.00000000 / 255 0 0 255 / -0.20978890 -0.04645690 / 1.00000000 0.00000000 0.00000000 1.00000000
				-7.04004700 -2.26194900 -2.51336300 / 0.00000000 -1.00000000 0.00000000 / 255 0 0 255 / -0.25452130 0.00037260 / 1.00000000 0.00000000 0.00000000 1.00000000
				-7.04004700 3.86993800 -2.51336300 / 0.00000000 0.00000000 1.00000000 / 255 0 0 255 / -0.25452110 -1.00000000 / 1.00000000 0.00000000 0.00000000 1.00000000
				-7.04004700 -2.26194900 -2.51336300 / 0.00000000 0.00000000 1.00000000 / 255 0 0 255 / -0.25452130 -0.20775410 / 1.00000000 0.00000000 0.00000000 1.00000000
				-7.04004700 -2.26194900 -2.51336300 / 0.00000000 0.00000000 1.00000000 / 255 0 0 255 / -0.25452130 -0.20775410 / 1.00000000 0.00000000 0.00000000 1.00000000
				-7.04004700 -2.52016400 -2.27813900 / 0.00000000 1.00000000 0.00000000 / 255 0 0 255 / 1.25452100 -0.04645690 / -1.00000000 0.00000000 0.00000000 1.00000000
				-7.20532600 3.86993800 -2.51336300 / 0.00000000 0.00000000 1.00000000 / 255 0 0 255 / -0.27223500 -1.00000000 / 1.00000000 0.00000000 0.00000000 1.00000000
				-7.04004700 -2.26194900 -2.27813900 / 0.00000000 0.00000000 1.00000000 / 255 0 0 255 / -0.25452130 -0.20775410 / 1.00000000 0.00000000 0.00000000 1.00000000
				-7.20532600 -2.26194900 -2.51336300 / -1.00000000 0.00000000 0.00000000 / 255 0 0 255 / 0.79224600 0.00037260 / 0.00000000 -1.00000000 0.00000000 1.00000000
				-7.20532600 3.37297900 -2.27813900 / -1.00000000 0.00000000 0.00000000 / 255 0 0 255 / 0.06420740 -0.04645690 / 0.00000000 -1.00000000 0.00000000 1.00000000
				-7.04004700 -2.26194900 -2.48345000 / 0.00000000 -1.00000000 0.00000000 / 255 0 0 255 / -0.25452130 -0.00558250 / 1.00000000 0.00000000 0.00000350 1.00000000
				-7.04004700 -2.26194900 -2.48345000 / 0.00000000 -1.00000000 0.00000000 / 255 0 0 255 / -0.25452130 -0.00558250 / 1.00000000 0.00000000 0.00000000 1.00000000
				-7.04004700 -2.26194900 -2.51336300 / 0.00000000 -1.00000000 0.00000000 / 255 0 0 255 / -0.25452130 0.00037260 / 1.00000000 0.00000000 0.00000000 1.00000000
				-7.20532600 -2.26194900 -2.51336300 / 0.00000000 -1.00000000 0.00000000 / 255 0 0 255 / -0.27223510 0.00037260 / 1.00000000 0.00000000 0.00000000 1.00000000
				-7.04004700 -2.26194900 -2.48345000 / 0.00000000 -1.00000000 0.00000000 / 255 0 0 255 / -0.25452130 -0.00558250 / 1.00000000 0.00000000 0.00000000 1.00000000
				-7.20532600 -2.26194900 -2.27813900 / 0.00000000 -1.00000000 0.00000000 / 255 0 0 255 / -0.27223510 -0.04645690 / 1.00000000 0.00000000 0.00000000 1.00000000
				-7.04004700 -2.82204000 -2.51336300 / -1.00000000 0.00000000 0.00000000 / 255 0 0 255 / 0.86461020 0.00037260 / 0.00000000 -1.00000000 0.00000000 1.00000000
				-7.04004700 3.37297900 -2.27813900 / 0.00000000 0.00000000 1.00000000 / 255 0 0 255 / -0.25452110 -0.93579260 / 1.00000000 0.00000000 0.00000000 1.00000000
				-7.04004700 -2.26194900 -2.27813900 / 0.00000000 0.00000000 1.00000000 / 255 0 0 255 / -0.25452130 -0.20775410 / 1.00000000 0.00000000 0.00000000 1.00000000
				-7.20532600 3.37297900 -2.27813900 / 0.00000000 0.00000000 1.00000000 / 255 0 0 255 / -0.27223500 -0.93579260 / 1.00000000 0.00000000 0.00000000 1.00000000
				-7.20532600 3.37297900 -2.27813900 / 0.00000000 0.00000000 1.00000000 / 255 0 0 255 / -0.27223500 -0.93579260 / 1.00000000 0.00000000 0.00000000 1.00000000
				-7.04004700 3.37297900 -2.27813900 / 0.00000000 0.00000000 1.00000000 / 255 0 0 255 / -0.25452110 -0.93579260 / 1.00000000 0.00000000 0.00000000 1.00000000
				-7.04004700 -2.26194900 -2.27813900 / 0.00000000 0.00000000 1.00000000 / 255 0 0 255 / -0.25452130 -0.20775410 / 1.00000000 0.00000000 0.00000000 1.00000000
				6.97724200 3.37297900 -2.27813900 / 0.00000000 0.00000000 1.00000000 / 255 0 0 255 / 1.24779000 -0.93579210 / 1.00000000 0.00000030 0.00000000 1.00000000
				-7.04004700 3.37297900 -2.27813900 / 0.00000000 0.00000000 1.00000000 / 255 0 0 255 / -0.25452110 -0.93579260 / 1.00000000 0.00000030 0.00000000 1.00000000
				-6.62267200 -2.26194900 -2.27813900 / 0.00000000 0.00000000 1.00000000 / 255 0 0 255 / -0.20978890 -0.20775410 / 1.00000000 0.00000030 0.00000000 1.00000000
				6.97724200 3.37297900 -2.27813900 / 0.00000000 0.00000000 1.00000000 / 255 0 0 255 / 1.24779000 -0.93579210 / 1.00000000 0.00000050 0.00000000 1.00000000
				-7.04004700 -2.52016400 -2.27813900 / -1.00000000 0.00000000 0.00000000 / 255 0 0 255 / 0.82560750 -0.04645690 / 0.00000000 -1.00000000 0.00000000 1.00000000
				-6.62267200 -2.26194900 -2.27813900 / 0.00000000 0.00000000 1.00000000 / 255 0 0 255 / -0.20978890 -0.20775410 / 1.00000000 0.00000050 0.00000000 1.00000000
				-6.62267200 -2.26194900 -2.27813900 / 1.00000000 0.00000000 0.00000000 / 255 0 0 255 / 0.20775410 -0.04645690 / 1.00000000 0.00000000 0.00000000 1.00000000
				-6.62267200 -3.37834600 -2.27813900 / 1.00000000 0.00000000 0.00000000 / 255 0 0 255 / 0.06351440 -0.04645690 / 1.00000000 0.00000000 0.00000000 1.00000000
				-7.20532600 -2.26194900 -2.27813900 / 0.00000000 0.00000000 1.00000000 / 255 0 0 255 / -0.27223510 -0.20775410 / 1.00000000 0.00000000 0.00000000 1.00000000
				-6.62267200 -3.37834600 -2.27813900 / 1.00000000 0.00000000 0.00000000 / 255 0 0 255 / 0.06351440 -0.04645690 / 1.00000000 0.00000000 0.00000000 1.00000000
				-6.62267200 -2.52016400 -2.27813900 / 1.00000000 0.00000000 0.00000000 / 255 0 0 255 / 0.17439250 -0.04645690 / 1.00000000 0.00000000 0.00000000 1.00000000
				-6.62267200 -3.37834600 -2.27813900 / 1.00000000 0.00000000 0.00000000 / 255 0 0 255 / 0.06351440 -0.04645690 / 1.00000000 0.00000000 0.00000000 1.00000000
				-6.62267200 -2.82204000 -2.27813900 / 1.00000000 0.00000000 0.00000000 / 255 0 0 255 / 0.13538970 -0.04645690 / 1.00000000 0.00000000 0.00000000 1.00000000
				-6.62267200 -3.37834600 -2.27813900 / 0.00000000 0.00000000 1.00000000 / 255 0 0 255 / -0.20978890 -0.06351440 / 1.00000000 0.00000000 0.00000000 1.00000000
				-6.62267200 -3.12670100 -2.27813900 / 0.00000000 0.00000000 1.00000000 / 255 0 0 255 / -0.20978890 -0.09602720 / 1.00000000 0.00000000 0.00000000 1.00000000
				-6.62267200 -2.82204000 -2.27813900 / 0.00000000 0.00000000 1.00000000 / 255 0 0 255 / -0.20978890 -0.13538970 / 1.00000000 0.00000190 0.00000000 1.00000000
				-6.62267200 -3.37834600 -2.27813900 / 0.00000000 0.00000000 1.00000000 / 255 0 0 255 / -0.20978890 -0.06351440 / 1.00000000 0.00000000 0.00000000 1.00000000
				-7.04004700 -3.12670100 -2.27813900 / 0.00000000 0.00000000 1.00000000 / 255 0 0 255 / -0.25452130 -0.09602720 / 1.00000000 0.00000000 0.00000000 1.00000000
				-7.04004700 -3.12670100 -2.27813900 / -1.00000000 0.00000000 0.00000000 / 255 0 0 255 / 0.90397280 -0.04645690 / 0.00000000 -1.00000000 0.00000000 1.00000000
				-7.04004700 -3.37834600 -2.51336300 / -1.00000000 0.00000000 0.00000000 / 255 0 0 255 / 0.93648560 0.00037260 / 0.00000000 -1.00000000 0.00000000 1.00000000
				-6.62267200 3.37297900 2.51064300 / 0.00000000 -1.00000000 0.00000000 / 255 0 0 255 / -0.20978870 -0.99983130 / 1.00000000 0.00000000 0.00000000 1.00000000
				-6.62267200 -2.26194900 -2.27813900 / 0.00000000 0.00000000 1.00000000 / 255 0 0 255 / -0.20978890 -0.20775410 / 1.00000000 0.00000000 0.00000000 1.00000000
				-7.04004700 -3.12670100 -2.27813900 / 0.00000000 1.00000000 0.00000000 / 255 0 0 255 / 1.25452100 -0.04645690 / -1.00000000 0.00000000 0.00000000 1.00000000
				-6.62267200 -3.12670100 -2.51336300 / 0.00000000 1.00000000 0.00000000 / 255 0 0 255 / 1.20978900 0.00037260 / -1.00000000 0.00000000 0.00000000 1.00000000
				-7.04004700 -3.12670100 -2.27813900 / 0.00000000 0.00000000 -1.00000000 / 255 0 0 255 / 1.25452100 -0.09602720 / -1.00000000 -0.00000190 0.00000000 1.00000000
				-6.62267200 -2.82204000 -2.27813900 / 0.00000000 0.00000000 -1.00000000 / 255 0 0 255 / 1.20978900 -0.13538970 / -1.00000000 -0.00000190 0.00000000 1.00000000
				-6.62267200 -2.52016400 -2.27813900 / 0.00000000 0.00000000 1.00000000 / 255 0 0 255 / -0.20978890 -0.17439250 / 1.00000000 0.00000000 0.00000000 1.00000000
				-6.62267200 -3.37834600 -2.27813900 / 0.00000000 0.00000000 1.00000000 / 255 0 0 255 / -0.20978890 -0.06351440 / 1.00000000 0.00000050 0.00000000 1.00000000
				-7.04004700 -2.82204000 -2.51336300 / 0.00000000 -1.00000000 0.00000000 / 255 0 0 255 / -0.25452130 0.00037260 / 1.00000000 0.00000000 0.00000000 1.00000000
				-6.62267200 -2.82204000 -2.27813900 / 0.00000000 -1.00000000 0.00000000 / 255 0 0 255 / -0.20978890 -0.04645690 / 1.00000000 0.00000000 0.00000000 1.00000000
				-6.62267200 -2.82204000 -2.51336300 / 0.00000000 0.00000000 1.00000000 / 255 0 0 255 / -0.20978890 -0.13538970 / 1.00000000 0.00000000 0.00000000 1.00000000
				-7.04004700 -2.52016400 -2.51336300 / 0.00000000 0.00000000 1.00000000 / 255 0 0 255 / -0.25452130 -0.17439250 / 1.00000000 0.00000000 0.00000000 1.00000000
				-6.62267200 -2.52016400 -2.27813900 / 1.00000000 0.00000000 0.00000000 / 255 0 0 255 / 0.17439250 -0.04645690 / 1.00000000 0.00000000 0.00000000 1.00000000
				-6.62267200 -2.82204000 -2.51336300 / 1.00000000 0.00000000 0.00000000 / 255 0 0 255 / 0.13538970 0.00037260 / 1.00000000 0.00000000 0.00000000 1.00000000
				-6.62267200 -2.52016400 -2.51336300 / 1.00000000 0.00000000 0.00000000 / 255 0 0 255 / 0.17439250 0.00037260 / 1.00000000 0.00000000 0.00000000 1.00000000
				-6.62267200 -2.82204000 -2.51336300 / 1.00000000 0.00000000 0.00000000 / 255 0 0 255 / 0.13538970 0.00037260 / 1.00000000 0.00000000 0.00000000 1.00000000
				-6.62267200 -3.37834600 -2.51336300 / 1.00000000 0.00000000 0.00000000 / 255 0 0 255 / 0.06351440 0.00037260 / 1.00000000 0.00000000 0.00000000 1.00000000
				-7.04004700 -3.12670100 -2.27813900 / 0.00000000 0.00000000 -1.00000000 / 255 0 0 255 / 1.25452100 -0.09602720 / -1.00000000 0.00000000 0.00000000 1.00000000
				-6.62267200 -3.37834600 -2.51336300 / 0.00000000 0.00000000 1.00000000 / 255 0 0 255 / -0.20978890 -0.06351440 / 1.00000000 0.00000000 0.00000000 1.00000000
				-6.62267200 -3.12670100 -2.51336300 / 0.00000000 0.00000000 1.00000000 / 255 0 0 255 / -0.20978890 -0.09602720 / 1.00000000 0.00000000 0.00000000 1.00000000
				-6.62267200 -3.37834600 -2.51336300 / 0.00000000 0.00000000 1.00000000 / 255 0 0 255 / -0.20978890 -0.06351440 / 1.00000000 0.00000000 0.00000000 1.00000000
				-7.04004700 -3.12670100 -2.51336300 / 0.00000000 0.00000000 1.00000000 / 255 0 0 255 / -0.25452130 -0.09602720 / 1.00000000 0.00000000 0.00000000 1.00000000
				-6.62267200 -3.37834600 -2.27813900 / 0.00000000 -1.00000000 0.00000000 / 255 0 0 255 / -0.20978890 -0.04645690 / 1.00000000 0.00000000 0.00000000 1.00000000
				-7.04004700 -3.37834600 -2.51336300 / 0.00000000 -1.00000000 0.00000000 / 255 0 0 255 / -0.25452130 0.00037260 / 1.00000000 0.00000000 0.00000000 1.00000000
				-6.62267200 -2.82204000 -2.27813900 / 1.00000000 0.00000000 0.00000000 / 255 0 0 255 / 0.13538970 -0.04645690 / 1.00000000 0.00000000 0.00000000 1.00000000
				-6.62267200 -3.37834600 -2.27813900 / 0.00000000 0.00000000 -1.00000000 / 255 0 0 255 / 1.20978900 -0.06351440 / -1.00000000 0.00000000 0.00000000 1.00000000
				-7.04004700 -3.61274000 -2.27813900 / 0.00000000 0.00000000 -1.00000000 / 255 0 0 255 / 1.25452100 -0.03323050 / -1.00000000 0.00000000 0.00000000 1.00000000
				-6.62267200 -3.12670100 -2.27813900 / 1.00000000 0.00000000 0.00000000 / 255 0 0 255 / 0.09602720 -0.04645690 / 1.00000000 0.00000000 0.00000000 1.00000000
				-6.62267200 -2.82204000 -2.27813900 / 0.00000000 0.00000000 1.00000000 / 255 0 0 255 / -0.20978890 -0.13538970 / 1.00000000 0.00000000 0.00000000 1.00000000
				-6.62267200 3.37297900 2.02816100 / 0.00000000 1.00000000 0.00000000 / 255 0 0 255 / 1.20978900 -0.90377630 / -1.00000000 0.00000000 0.00000000 1.00000000
				-7.04004700 3.37297900 2.25627100 / 0.00000000 1.00000000 0.00000000 / 255 0 0 255 / 1.25452100 -0.94918970 / -1.00000000 0.00000000 0.00000000 1.00000000
				-7.04004700 3.37297900 2.02816100 / 1.00000000 0.00000000 0.00000000 / 255 0 0 255 / 0.93579260 -0.90377630 / 1.00000000 0.00000000 0.00000000 1.00000000
				6.55986700 3.37297900 2.02816100 / 1.00000000 0.00000000 0.00000000 / 255 0 0 255 / 0.93579220 -0.90377630 / 1.00000000 0.00000000 0.00000000 1.00000000
				6.55986700 3.37297900 2.25627100 / 0.00000000 -1.00000000 0.00000000 / 255 0 0 255 / 1.20305700 -0.94918970 / 1.00000000 0.00000000 0.00000000 1.00000000
				6.55986700 3.37297900 2.02816100 / 0.00000000 -1.00000000 0.00000000 / 255 0 0 255 / 1.20305700 -0.90377630 / 1.00000000 0.00000000 0.00000000 1.00000000
				-6.62267200 3.37297900 2.02816100 / 0.00000000 -1.00000000 0.00000000 / 255 0 0 255 / -0.20978870 -0.90377630 / 1.00000000 0.00000000 0.00000000 1.00000000
				-6.62267200 3.37297900 2.25627100 / 0.00000000 -1.00000000 0.00000000 / 255 0 0 255 / -0.20978870 -0.94918970 / 1.00000000 0.00000000 0.00000000 1.00000000
				-7.04004700 -3.12670100 -2.27813900 / 0.00000000 0.00000000 1.00000000 / 255 0 0 255 / -0.25452130 -0.09602720 / 1.00000000 0.00000000 0.00000000 1.00000000
				6.55986700 3.37297900 2.25627100 / 0.00000000 -1.00000000 0.00000000 / 255 0 0 255 / 1.20305700 -0.94918970 / 1.00000000 0.00000000 0.00000000 1.00000000
				-7.04004700 3.86993800 -2.51336300 / 0.00000000 1.00000000 0.00000000 / 255 0 0 255 / 1.25452100 0.00037260 / -1.00000000 0.00000000 0.00000000 1.00000000
				-7.04004700 -2.52016400 -2.27813900 / 0.00000000 0.00000000 1.00000000 / 255 0 0 255 / -0.25452130 -0.17439250 / 1.00000000 0.00000000 0.00000000 1.00000000
				-6.62267200 3.37297900 2.02816100 / 0.00000000 -1.00000000 0.00000000 / 255 0 0 255 / -0.20978870 -0.90377630 / 1.00000000 0.00000000 0.00000000 1.00000000
				-7.04004700 -3.37834600 -2.27813900 / 0.00000000 0.00000000 1.00000000 / 255 0 0 255 / -0.25452130 -0.06351440 / 1.00000000 0.00000000 0.00000000 1.00000000
				-7.04004700 3.37297900 2.25627100 / -1.00000000 0.00000000 0.00000000 / 255 0 0 255 / 0.06420740 -0.94918970 / 0.00000000 -1.00000000 0.00000130 1.00000000
				-7.04004700 3.37297900 2.02816100 / -1.00000000 0.00000000 0.00000000 / 255 0 0 255 / 0.06420740 -0.90377630 / 0.00000000 -1.00000000 0.00000130 1.00000000
				-7.04004700 3.37297900 2.25627100 / -1.00000000 0.00000000 0.00000000 / 255 0 0 255 / 0.06420740 -0.94918970 / 0.00000000 -1.00000000 0.00000530 1.00000000
				-7.04004700 3.73992700 2.51336200 / -1.00000000 0.00000000 0.00000000 / 255 0 0 255 / 0.01679740 -1.00037300 / 0.00000000 -1.00000000 0.00000530 1.00000000
				-7.04004700 3.73992700 2.51336200 / -1.00000000 0.00000000 0.00000000 / 255 0 0 255 / 0.01679740 -1.00037300 / 0.00000000 -1.00000000 0.00000000 1.00000000
				-7.04004700 3.37297900 2.51064300 / -1.00000000 0.00000000 0.00000000 / 255 0 0 255 / 0.06420740 -0.99983130 / 0.00000000 -1.00000000 0.00000000 1.00000000
				-7.04004700 3.37297900 2.51336200 / 0.00000000 1.00000000 0.00000000 / 255 0 0 255 / 1.25452100 -1.00037300 / -1.00000000 0.00000000 0.00000000 1.00000000
				-6.62267200 3.37297900 2.51064300 / 0.00000000 1.00000000 0.00000000 / 255 0 0 255 / 1.20978900 -0.99983130 / -1.00000000 0.00000000 0.00000000 1.00000000
				-7.04004700 -2.52016400 -2.27813900 / 0.00000000 0.00000000 -1.00000000 / 255 0 0 255 / 1.25452100 -0.17439250 / -1.00000000 0.00000000 0.00000000 1.00000000
				-7.04004700 -3.12670100 -2.27813900 / -1.00000000 0.00000000 0.00000000 / 255 0 0 255 / 0.90397280 -0.04645690 / 0.00000000 -1.00000000 0.00000000 1.00000000
				-6.62267200 3.37297900 2.51064300 / 0.00000000 -1.00000000 0.00000000 / 255 0 0 255 / -0.20978870 -0.99983130 / 1.00000000 0.00000000 0.00000000 1.00000000
				-7.04004700 3.37297900 2.25627100 / 0.00000000 -1.00000000 0.00000000 / 255 0 0 255 / -0.25452110 -0.94918970 / 1.00000000 0.00000000 0.00000000 1.00000000
				-7.04004700 3.37297900 1.70943400 / -1.00000000 0.00000000 0.00000000 / 255 0 0 255 / 0.06420740 -0.84032250 / 0.00000000 -1.00000000 0.00000630 1.00000000
				-7.04004700 3.37297900 2.02816100 / -1.00000000 0.00000000 0.00000000 / 255 0 0 255 / 0.06420740 -0.90377630 / 0.00000000 -1.00000000 0.00000630 1.00000000
				-7.04004700 3.73992700 2.51336200 / -1.00000000 0.00000000 0.00000000 / 255 0 0 255 / 0.01679740 -1.00037300 / 0.00000000 -1.00000000 0.00000630 1.00000000
				-7.04004700 3.37297900 1.70943400 / -1.00000000 0.00000000 0.00000000 / 255 0 0 255 / 0.06420740 -0.84032250 / 0.00000000 -1.00000000 0.00000910 1.00000000
				-7.04004700 3.73992700 2.51336200 / -1.00000000 0.00000000 0.00000000 / 255 0 0 255 / 0.01679740 -1.00037300 / 0.00000000 -1.00000000 0.00000910 1.00000000
				-7.04004700 3.73992700 2.51336200 / -1.00000000 0.00000000 0.00000000 / 255 0 0 255 / 0.01679740 -1.00037300 / 0.00000000 -1.00000000 0.00001270 1.00000000
				-7.04004700 3.37297900 1.43581500 / -1.00000000 0.00000000 0.00000000 / 255 0 0 255 / 0.06420740 -0.78584910 / 0.00000000 -1.00000000 0.00001270 1.00000000
				-6.62267200 -2.26194900 -2.27813900 / 0.00000000 0.00000000 -1.00000000 / 255 0 0 255 / 1.20978900 -0.20775410 / -1.00000000 0.00000000 0.00000000 1.00000000
				-7.04004700 3.73992700 2.51336200 / -1.00000000 0.00000000 0.00000000 / 255 0 0 255 / 0.01679740 -1.00037300 / 0.00000000 -1.00000000 0.00000300 1.00000000
				-7.04004700 -3.37834600 -2.51336300 / -1.00000000 0.00000000 0.00000000 / 255 0 0 255 / 0.93648560 0.00037260 / 0.00000000 -1.00000000 0.00000000 1.00000000
				-7.04004700 3.37297900 1.11358900 / -1.00000000 0.00000000 0.00000000 / 255 0 0 255 / 0.06420740 -0.72169890 / 0.00000000 -1.00000000 0.00000300 1.00000000
				-7.04004700 3.73992700 2.51336200 / -1.00000000 0.00000000 0.00000000 / 255 0 0 255 / 0.01679740 -1.00037300 / 0.00000000 -1.00000000 0.00000690 1.00000000
				-7.04004700 3.37297900 0.80887720 / -1.00000000 0.00000000 0.00000000 / 255 0 0 255 / 0.06420740 -0.66103530 / 0.00000000 -1.00000000 0.00000690 1.00000000
				-7.04004700 3.73992700 2.51336200 / -1.00000000 0.00000000 0.00000000 / 255 0 0 255 / 0.01679740 -1.00037300 / 0.00000000 -1.00000000 0.00000000 1.00000000
				-7.04004700 3.37297900 -2.27813900 / -1.00000000 0.00000000 0.00000000 / 255 0 0 255 / 0.06420740 -0.04645690 / 0.00000000 -1.00000000 0.00000000 1.00000000
				-7.04004700 3.73992700 -2.27813900 / 0.00000000 0.00000000 1.00000000 / 255 0 0 255 / -0.25452110 -0.98320260 / 1.00000000 0.00000000 0.00000000 1.00000000
				-7.04004700 3.37297900 -2.27813900 / 0.00000000 0.00000000 1.00000000 / 255 0 0 255 / -0.25452110 -0.93579260 / 1.00000000 0.00000000 0.00000000 1.00000000
				-7.04004700 3.37297900 -2.27813900 / 0.00000000 0.00000000 1.00000000 / 255 0 0 255 / -0.25452110 -0.93579260 / 1.00000000 0.00000000 0.00000000 1.00000000
				-6.62267200 -2.82204000 -2.27813900 / 0.00000000 0.00000000 -1.00000000 / 255 0 0 255 / 1.20978900 -0.13538970 / -1.00000000 0.00000000 0.00000000 1.00000000
				-7.20532600 3.37297900 -2.27813900 / 0.00000000 0.00000000 1.00000000 / 255 0 0 255 / -0.27223500 -0.93579260 / 1.00000000 0.00000000 0.00000000 1.00000000
				-7.20532600 3.73992700 -2.27813900 / 0.00000000 0.00000000 1.00000000 / 255 0 0 255 / -0.27223500 -0.98320260 / 1.00000000 0.00000000 0.00000000 1.00000000
				-7.04004700 -3.37834600 -2.27813900 / -1.00000000 0.00000000 0.00000000 / 255 0 0 255 / 0.93648560 -0.04645690 / 0.00000000 -1.00000000 0.00000000 1.00000000
				-7.20532600 3.37297900 -2.27813900 / -1.00000000 0.00000000 0.00000000 / 255 0 0 255 / 0.06420740 -0.04645690 / 0.00000000 -1.00000000 0.00000000 1.00000000
				-7.20532600 3.86993800 -2.51336300 / -1.00000000 0.00000000 0.00000000 / 255 0 0 255 / -0.00000020 0.00037260 / 0.00000000 -1.00000000 0.00000000 1.00000000
				-7.20532600 3.86993800 -2.51336300 / -1.00000000 0.00000000 0.00000000 / 255 0 0 255 / -0.00000020 0.00037260 / 0.00000000 -1.00000000 0.00000000 1.00000000
				-7.20532600 3.73992700 -2.27813900 / -1.00000000 0.00000000 0.00000000 / 255 0 0 255 / 0.01679740 -0.04645690 / 0.00000000 -1.00000000 0.00000000 1.00000000
				-7.04004700 3.73992700 -2.27813900 / 0.00000000 0.00000000 1.00000000 / 255 0 0 255 / -0.25452110 -0.98320260 / 1.00000000 0.00000000 0.00000000 1.00000000
				-7.20532600 3.73992700 -2.27813900 / 0.00000000 0.00000000 1.00000000 / 255 0 0 255 / -0.27223500 -0.98320260 / 1.00000000 0.00000000 0.00000000 1.00000000
				-7.04004700 3.73992700 -2.27813900 / 0.00000000 0.00000000 1.00000000 / 255 0 0 255 / -0.25452110 -0.98320260 / 1.00000000 0.00000000 0.00000000 1.00000000
				-6.62267200 -3.12670100 -2.27813900 / 0.00000000 0.00000000 -1.00000000 / 255 0 0 255 / 1.20978900 -0.09602720 / -1.00000000 0.00000000 0.00000000 1.00000000
				-7.04004700 3.86993800 -2.27813900 / 0.00000000 0.00000000 1.00000000 / 255 0 0 255 / -0.25452110 -1.00000000 / 1.00000000 0.00000000 0.00000000 1.00000000
				-7.20532600 3.86993800 -2.27813900 / 0.00000000 0.00000000 1.00000000 / 255 0 0 255 / -0.27223500 -1.00000000 / 1.00000000 0.00000000 0.00000000 1.00000000
				-7.04004700 3.86993800 -2.48345000 / 0.00000000 1.00000000 0.00000000 / 255 0 0 255 / 1.25452100 -0.00558250 / -1.00000000 0.00000000 -0.00002790 1.00000000
				-6.62267200 3.37297900 1.11358900 / 0.00000000 1.00000000 0.00000000 / 255 0 0 255 / 1.20978900 -0.72169890 / -1.00000000 0.00000000 0.00000000 1.00000000
				-7.04004700 3.37297900 0.80887720 / 0.00000000 1.00000000 0.00000000 / 255 0 0 255 / 1.25452100 -0.66103530 / -1.00000000 0.00000000 0.00000000 1.00000000
				-6.62267200 3.37297900 1.11358900 / 0.00000000 -1.00000000 0.00000000 / 255 0 0 255 / -0.20978870 -0.72169890 / 1.00000000 0.00000000 0.00000000 1.00000000
				6.55986700 3.37297900 1.11358900 / 0.00000000 -1.00000000 0.00000000 / 255 0 0 255 / 1.20305700 -0.72169890 / 1.00000000 0.00000000 0.00000000 1.00000000
				6.55986700 3.37297900 1.11358900 / 0.00000000 -1.00000000 0.00000000 / 255 0 0 255 / 1.20305700 -0.72169890 / 1.00000000 0.00000000 0.00000000 1.00000000
				-7.04004700 3.86993800 -2.48345000 / 0.00000000 1.00000000 0.00000000 / 255 0 0 255 / 1.25452100 -0.00558250 / -1.00000000 0.00000000 0.00000000 1.00000000
				6.55986700 3.37297900 0.75600240 / 0.00000000 -1.00000000 0.00000000 / 255 0 0 255 / 1.20305700 -0.65050860 / 1.00000000 0.00000000 0.00000000 1.00000000
				-6.62267200 3.37297900 0.80887720 / 0.00000000 -1.00000000 0.00000000 / 255 0 0 255 / -0.20978870 -0.66103530 / 1.00000000 0.00000000 0.00000000 1.00000000
				6.55986700 3.37297900 0.75600240 / 0.00000000 -1.00000000 0.00000000 / 255 0 0 255 / 1.20305700 -0.65050860 / 1.00000000 0.00000000 0.00000000 1.00000000
				-7.04004700 -2.82204000 -2.27813900 / 0.00000000 0.00000000 -1.00000000 / 255 0 0 255 / 1.25452100 -0.13538980 / -1.00000000 -0.00000190 0.00000000 1.00000000
				-6.62267200 3.37297900 0.80887720 / 0.00000000 -1.00000000 0.00000000 / 255 0 0 255 / -0.20978870 -0.66103530 / 1.00000000 0.00000000 0.00000000 1.00000000
				-7.04004700 3.37297900 -2.27813900 / 0.00000000 -1.00000000 0.00000000 / 255 0 0 255 / -0.25452110 -0.04645690 / 1.00000000 0.00000000 0.00000000 1.00000000
				6.55986700 3.37297900 0.75600240 / 0.00000000 -1.00000000 0.00000000 / 255 0 0 255 / 1.20305700 -0.65050860 / 1.00000000 0.00000000 0.00000000 1.00000000
				-7.04004700 3.37297900 0.80887720 / 0.00000000 -1.00000000 0.00000000 / 255 0 0 255 / -0.25452110 -0.66103530 / 1.00000000 0.00000000 0.00000000 1.00000000
				6.97724200 -2.26194900 -2.27813900 / 0.00000000 0.00000000 -1.00000000 / 255 0 0 255 / -0.24778950 -0.20775370 / -1.00000000 0.00000000 0.00000000 1.00000000
				6.55986700 -2.52016400 -2.27813900 / 0.00000000 0.00000000 -1.00000000 / 255 0 0 255 / -0.20305710 -0.17439200 / -1.00000000 0.00000000 0.00000000 1.00000000
				-7.04004700 3.86993800 -2.51336300 / 0.00000000 1.00000000 0.00000000 / 255 0 0 255 / 1.25452100 0.00037260 / -1.00000000 0.00000000 0.00000000 1.00000000
				6.55986700 -2.26194900 -2.27813900 / 0.00000000 -1.00000000 0.00000000 / 255 0 0 255 / 1.20305700 -0.04645690 / 1.00000000 0.00000000 0.00000000 1.00000000
				7.20532600 -2.26194900 -2.27813900 / 0.00000000 -1.00000000 0.00000000 / 255 0 0 255 / 1.27223500 -0.04645690 / 1.00000000 0.00000000 0.00000000 1.00000000
				7.20532600 -2.26194900 -2.27813900 / 0.00000000 -1.00000000 0.00000000 / 255 0 0 255 / 1.27223500 -0.04645690 / 1.00000000 0.00000000 0.00000000 1.00000000
				6.55986700 -2.26194900 -2.51336300 / 0.00000000 -1.00000000 0.00000000 / 255 0 0 255 / 1.20305700 0.00037260 / 1.00000000 0.00000000 0.00000000 1.00000000
				-7.04004700 3.37297900 2.25627100 / 0.00000000 -1.00000000 0.00000000 / 255 0 0 255 / -0.25452110 -0.94918970 / 1.00000000 0.00000000 0.00000000 1.00000000
				7.20532600 3.86993800 -2.51336300 / 0.00000000 0.00000000 1.00000000 / 255 0 0 255 / 1.27223500 -0.99999980 / 1.00000000 0.00000000 0.00000000 1.00000000
				7.20532600 3.86993800 -2.51336300 / 0.00000000 0.00000000 1.00000000 / 255 0 0 255 / 1.27223500 -0.99999980 / 1.00000000 0.00000020 0.00000000 1.00000000
				6.55986700 -2.26194900 -2.51336300 / 0.00000000 0.00000000 1.00000000 / 255 0 0 255 / 1.20305700 -0.20775370 / 1.00000000 0.00000020 0.00000000 1.00000000
				7.20532600 3.86993800 -2.51336300 / 0.00000000 0.00000000 1.00000000 / 255 0 0 255 / 1.27223500 -0.99999980 / 1.00000000 0.00000000 0.00000000 1.00000000
				-6.62267200 -3.61274000 -2.51336300 / 0.00000000 0.00000000 1.00000000 / 255 0 0 255 / -0.20978890 -0.03323050 / 1.00000000 0.00000000 0.00000000 1.00000000
				-7.04004700 3.86993800 -2.48345000 / 0.00000000 1.00000000 0.00000000 / 255 0 0 255 / 1.25452100 -0.00558250 / -1.00000000 0.00000000 0.00000000 1.00000000
				-6.52885400 -3.61274000 -2.51336300 / 0.00000000 0.00000000 1.00000000 / 255 0 0 255 / -0.19973390 -0.03323050 / 1.00000000 0.00000000 0.00000000 1.00000000
				-6.52885400 -3.61274000 -2.35531900 / 0.00000000 -1.00000000 0.00000000 / 255 0 0 255 / -0.19973390 -0.03109150 / 1.00000000 0.00000000 0.00000240 1.00000000
				-6.62267200 -3.61274000 -2.51336300 / 0.00000000 -1.00000000 0.00000000 / 255 0 0 255 / -0.20978890 0.00037260 / 1.00000000 0.00000000 0.00000240 1.00000000
				-6.52885400 -3.61274000 -2.35531900 / 0.00000000 -1.00000000 0.00000000 / 255 0 0 255 / -0.19973390 -0.03109150 / 1.00000000 0.00000000 0.00000000 1.00000000
				-6.62267200 -3.61274000 -2.27813900 / 0.00000000 -1.00000000 0.00000000 / 255 0 0 255 / -0.20978890 -0.04645690 / 1.00000000 0.00000000 0.00000000 1.00000000
				-6.52885400 -3.61274000 -2.35531900 / 0.00000000 -1.00000000 0.00000000 / 255 0 0 255 / -0.19973390 -0.03109150 / 1.00000000 0.00000000 0.00000000 1.00000000
				6.55986700 -3.61274000 -2.27813900 / 0.00000000 -1.00000000 0.00000000 / 255 0 0 255 / 1.20305700 -0.04645690 / 1.00000000 0.00000000 0.00000000 1.00000000
				6.55986700 -3.61274000 -2.27813900 / 0.00000000 -1.00000000 0.00000000 / 255 0 0 255 / 1.20305700 -0.04645690 / 1.00000000 0.00000000 -0.00000360 1.00000000
				6.46604900 -3.61274000 -2.35531900 / 0.00000000 -1.00000000 0.00000000 / 255 0 0 255 / 1.19300200 -0.03109150 / 1.00000000 0.00000000 -0.00000360 1.00000000
				6.55986700 -3.61274000 -2.27813900 / 0.00000000 -1.00000000 0.00000000 / 255 0 0 255 / 1.20305700 -0.04645690 / 1.00000000 0.00000000 0.00000000 1.00000000
			}
		}
		Geometry
		{
			ShaderIndex 1
			Flags -
			VertexDeclaration N209731BE
			Indices 198
			{
				16 19 20 177 176 21 179 178 32 57 58 67 181 180 78
				91 92 93 183 182 94 95 96 97 185 184 98 99 100 101
				187 186 102 103 104 105 189 188 106 107 190 108 191 192 193
				194 109 110 196 195 197 111 112 113 1 0 114 4 3 2
				115 116 117 6 5 118 9 7 8 119 120 121 10 122 11
				123 13 12 14 15 124 125 126 127 18 17 128 23 22 129
				25 24 130 131 132 133 27 26 134 135 136 137 29 28 138
				139 140 141 31 30 142 143 144 145 34 33 146 35 147 148
				37 36 149 150 151 152 39 38 153 41 40 154 155 156 42
				44 43 45 47 48 46 50 51 49 53 54 52 55 56 157
				158 59 159 60 61 62 63 64 65 68 69 66 160 161 162
				71 70 163 164 165 166 73 72 167 168 169 170 75 74 171
				77 79 76 81 82 80 83 172 173 85 84 86 174 87 175
				88 89 90
			}
			Vertices 198
			{
				-7.04004700 -1.11037000 0.51142100 / -1.00000000 0.00000000 0.00000000 / 255 255 255 255 / 0.64346080 -0.60181620
				-7.04004700 -2.26194900 -2.27813900 / -1.00000000 0.00000000 0.00000000 / 255 255 255 255 / 0.79224600 -0.04645690
				-7.04004700 3.37297900 1.11358900 / -1.00000000 0.00000000 0.00000000 / 255 255 255 255 / 0.06420740 -0.72169890
				-7.04004700 -1.11037000 0.51142100 / -1.00000000 0.00000000 0.00000000 / 255 255 255 255 / 0.64346080 -0.60181620
				-7.04004700 -0.94651960 0.26918960 / -1.00000000 0.00000000 0.00000000 / 255 255 255 255 / 0.62229110 -0.55359160
				-6.62267200 -2.26194900 -2.27813900 / 1.00000000 0.00000000 0.00000000 / 255 255 255 255 / 0.20775410 -0.04645690
				-6.62267200 -1.11037000 0.51142100 / 1.00000000 0.00000000 0.00000000 / 255 255 255 255 / 0.35653930 -0.60181620
				-7.04004700 3.37297900 1.11358900 / -1.00000000 0.00000000 0.00000000 / 255 255 255 255 / 0.06420740 -0.72169890
				-7.04004700 3.37297900 0.80887720 / -1.00000000 0.00000000 0.00000000 / 255 255 255 255 / 0.06420740 -0.66103530
				-7.04004700 -0.94651960 0.26918960 / -1.00000000 0.00000000 0.00000000 / 255 255 255 255 / 0.62229110 -0.55359160
				6.55986700 -0.94651960 0.26918960 / -1.00000000 0.00000000 0.00000000 / 255 255 255 255 / 0.62229160 -0.55359160
				6.55986700 3.37297900 1.11358900 / -1.00000000 0.00000000 0.00000000 / 255 255 255 255 / 0.06420780 -0.72169890
				6.55986700 -0.94651960 0.26918960 / -1.00000000 0.00000000 0.00000000 / 255 255 255 255 / 0.62229160 -0.55359160
				6.55986700 -1.11037000 0.51142100 / -1.00000000 0.00000000 0.00000000 / 255 255 255 255 / 0.64346120 -0.60181620
				6.55986700 -1.11037000 0.51142100 / -1.00000000 0.00000000 0.00000000 / 255 255 255 255 / 0.64346120 -0.60181620
				6.55986700 -2.26194900 -2.27813900 / -1.00000000 0.00000000 0.00000000 / 255 255 255 255 / 0.79224630 -0.04645690
				-7.04004700 -1.42050900 1.02495900 / -1.00000000 0.00000000 0.00000000 / 255 255 255 255 / 0.68353100 -0.70405380
				6.97724200 -2.26194900 -2.27813900 / 1.00000000 0.00000000 0.00000000 / 255 255 255 255 / 0.20775370 -0.04645690
				6.97724200 -1.11037000 0.51142100 / 1.00000000 0.00000000 0.00000000 / 255 255 255 255 / 0.35653880 -0.60181620
				-7.04004700 -2.82204000 -2.27813900 / -1.00000000 0.00000000 0.00000000 / 255 255 255 255 / 0.86461020 -0.04645690
				-7.04004700 -3.12670100 -2.27813900 / -1.00000000 0.00000000 0.00000000 / 255 255 255 255 / 0.90397280 -0.04645690
				-7.04004700 -1.31553800 0.77470780 / -1.00000000 0.00000000 0.00000000 / 255 255 255 255 / 0.66996860 -0.65423260
				-6.52885400 -3.61274000 -2.51336300 / 0.00000000 0.00000000 1.00000000 / 255 255 255 255 / -0.19973390 -0.03323050
				6.46604900 -3.61274000 -2.51336300 / 0.00000000 0.00000000 1.00000000 / 255 255 255 255 / 1.19300200 -0.03323010
				-6.52885400 -3.61274000 -2.51336300 / 0.00000000 0.00000000 1.00000000 / 255 255 255 255 / -0.19973390 -0.03323050
				6.46604900 -3.86993800 -2.51336300 / 0.00000000 0.00000000 1.00000000 / 255 255 255 255 / 1.19300200 0.00000020
				-6.52885400 -3.86993800 -2.51336300 / -1.00000000 0.00000000 0.00000000 / 255 255 255 255 / 0.99999980 0.00037260
				-6.52885400 -3.61274000 -2.35531900 / -1.00000000 0.00000000 0.00000000 / 255 255 255 255 / 0.96676950 -0.03109150
				-6.52885400 -3.86993800 -2.51336300 / 0.00000000 -1.00000000 0.00000000 / 255 255 255 255 / -0.19973390 0.00037260
				6.46604900 -3.86993800 -2.35531900 / 0.00000000 -1.00000000 0.00000000 / 255 255 255 255 / 1.19300200 -0.03109150
				6.46604900 -3.61274000 -2.51336300 / 1.00000000 0.00000000 0.00000000 / 255 255 255 255 / 0.03323010 0.00037260
				6.46604900 -3.86993800 -2.35531900 / 1.00000000 0.00000000 0.00000000 / 255 255 255 255 / -0.00000020 -0.03109150
				-7.04004700 3.37297900 1.70943400 / -1.00000000 0.00000000 0.00000000 / 255 255 255 255 / 0.06420740 -0.84032250
				-6.52885400 -3.61274000 -2.35531900 / 0.00000000 0.00000000 1.00000000 / 255 255 255 255 / -0.19973390 -0.03323050
				6.46604900 -3.86993800 -2.35531900 / 0.00000000 0.00000000 1.00000000 / 255 255 255 255 / 1.19300200 0.00000020
				6.97724200 -3.37834600 -2.27813900 / 1.00000000 0.00000000 0.00000000 / 255 255 255 255 / 0.06351390 -0.04645690
				6.97724200 -3.37834600 -2.27813900 / 1.00000000 0.00000000 0.00000000 / 255 255 255 255 / 0.06351390 -0.04645690
				6.97724200 -1.63481800 1.53394200 / 0.99999980 0.00000000 0.00000000 / 255 255 255 255 / 0.28877970 -0.80538480
				6.55986700 -1.42050900 1.02495900 / -0.99999980 0.00000000 0.00000000 / 255 255 255 255 / 0.68353150 -0.70405380
				6.55986700 -2.82204000 -2.27813900 / -1.00000000 0.00000000 0.00000000 / 255 255 255 255 / 0.86461070 -0.04645690
				6.55986700 -1.42050900 1.02495900 / -1.00000000 0.00000000 0.00000000 / 255 255 255 255 / 0.68353150 -0.70405380
				6.55986700 -1.31553800 0.77470780 / -1.00000000 0.00000000 0.00000000 / 255 255 255 255 / 0.66996910 -0.65423260
				6.97724200 3.37297900 1.70943400 / 1.00000000 0.00000000 0.00000000 / 255 255 255 255 / 0.93579210 -0.84032250
				6.97724200 -2.82204000 -2.27813900 / 1.00000000 0.00000000 0.00000000 / 255 255 255 255 / 0.13538930 -0.04645690
				6.97724200 -1.42050900 1.02495900 / 0.99999980 0.00000000 0.00000000 / 255 255 255 255 / 0.31646850 -0.70405380
				6.97724200 -1.31553800 0.77470780 / 1.00000000 0.00000000 0.00000000 / 255 255 255 255 / 0.33003090 -0.65423260
				6.97724200 -3.12670100 -2.27813900 / 1.00000000 0.00000000 0.00000000 / 255 255 255 255 / 0.09602671 -0.04645690
				6.97724200 -2.82204000 -2.27813900 / 1.00000000 0.00000000 0.00000000 / 255 255 255 255 / 0.13538930 -0.04645690
				6.97724200 -1.42050900 1.02495900 / 1.00000000 0.00000000 0.00000000 / 255 255 255 255 / 0.31646850 -0.70405380
				6.97724200 3.37297900 1.11358900 / 1.00000000 0.00000000 0.00000000 / 255 255 255 255 / 0.93579210 -0.72169890
				6.97724200 -1.11037000 0.51142100 / 1.00000000 0.00000000 0.00000000 / 255 255 255 255 / 0.35653880 -0.60181620
				6.97724200 -0.94651960 0.26918960 / 1.00000000 0.00000000 0.00000000 / 255 255 255 255 / 0.37770850 -0.55359160
				6.97724200 3.37297900 0.75600240 / 1.00000000 0.00000000 0.00000000 / 255 255 255 255 / 0.93579210 -0.65050860
				6.97724200 3.37297900 1.11358900 / 1.00000000 0.00000000 0.00000000 / 255 255 255 255 / 0.93579210 -0.72169890
				6.97724200 -0.94651960 0.26918960 / 1.00000000 0.00000000 0.00000000 / 255 255 255 255 / 0.37770850 -0.55359160
				6.55986700 -1.31553800 0.77470780 / -0.99999980 0.00000000 0.00000000 / 255 255 255 255 / 0.66996910 -0.65423260
				6.55986700 3.37297900 1.70943400 / -1.00000000 0.00000000 0.00000000 / 255 255 255 255 / 0.06420780 -0.84032250
				-6.62267200 -2.82204000 -2.27813900 / 1.00000000 0.00000000 0.00000000 / 255 255 255 255 / 0.13538970 -0.04645690
				-6.62267200 -1.42050900 1.02495900 / 1.00000000 0.00000000 0.00000000 / 255 255 255 255 / 0.31646900 -0.70405380
				-6.62267200 -1.31553800 0.77470780 / 0.99999980 0.00000000 0.00000000 / 255 255 255 255 / 0.33003140 -0.65423260
				-6.62267200 -1.42050900 1.02495900 / 1.00000000 0.00000000 0.00000000 / 255 255 255 255 / 0.31646900 -0.70405380
				-6.62267200 -1.31553800 0.77470780 / 1.00000000 0.00000000 0.00000000 / 255 255 255 255 / 0.33003140 -0.65423260
				-6.62267200 3.37297900 1.70943400 / 1.00000000 0.00000000 0.00000000 / 255 255 255 255 / 0.93579260 -0.84032250
				-7.04004700 -1.31553800 0.77470780 / -0.99999980 0.00000000 0.00000000 / 255 255 255 255 / 0.66996860 -0.65423260
				-7.04004700 3.37297900 1.70943400 / -1.00000000 0.00000000 0.00000000 / 255 255 255 255 / 0.06420740 -0.84032250
				-7.04004700 3.37297900 1.43581500 / -0.99999980 0.00000000 0.00000000 / 255 255 255 255 / 0.06420740 -0.78584910
				6.97724200 3.37297900 1.43581500 / 0.99999980 0.00000000 0.00000000 / 255 255 255 255 / 0.93579210 -0.78584910
				-6.62267200 -3.12670100 -2.27813900 / 1.00000000 0.00000000 0.00000000 / 255 255 255 255 / 0.09602720 -0.04645690
				6.97724200 3.37297900 1.70943400 / 1.00000000 0.00000000 0.00000000 / 255 255 255 255 / 0.93579210 -0.84032250
				6.97724200 -1.31553800 0.77470780 / 0.99999980 0.00000000 0.00000000 / 255 255 255 255 / 0.33003090 -0.65423260
				6.55986700 -3.37834600 -2.27813900 / -1.00000000 0.00000000 0.00000000 / 255 255 255 255 / 0.93648600 -0.04645690
				6.55986700 -1.63481800 1.53394200 / -1.00000000 0.00000000 0.00000000 / 255 255 255 255 / 0.71122030 -0.80538480
				6.55986700 -3.61274000 -2.27813900 / 0.00000000 -0.88763200 0.46055340 / 255 255 255 255 / 1.20305700 -0.04645690
				6.97724200 -1.63481800 1.53394200 / 0.00000000 -0.88763200 0.46055340 / 255 255 255 255 / 1.24779000 -0.80538480
				6.97724200 -1.63481800 1.53394200 / 0.00000000 -0.14276340 0.98975680 / 255 255 255 255 / 1.24779000 -0.28877970
				6.55986700 3.37297900 2.25627100 / 0.00000000 -0.14276340 0.98975680 / 255 255 255 255 / 1.20305700 -0.93579220
				6.97724200 3.37297900 2.25627100 / 1.00000000 0.00000000 0.00000000 / 255 255 255 255 / 0.93579210 -0.94918970
				6.97724200 -1.63481800 1.53394200 / 1.00000000 0.00000000 0.00000000 / 255 255 255 255 / 0.28877970 -0.80538480
				-6.62267200 -1.31553800 0.77470780 / 1.00000000 0.00000000 0.00000000 / 255 255 255 255 / 0.33003140 -0.65423260
				6.97724200 -1.53622800 1.31428100 / 1.00000000 0.00000000 0.00000000 / 255 255 255 255 / 0.30151750 -0.76165350
				6.97724200 3.37297900 2.02816100 / 1.00000000 0.00000000 0.00000000 / 255 255 255 255 / 0.93579210 -0.90377630
				6.97724200 3.37297900 2.25627100 / 0.99999980 0.00000000 0.00000000 / 255 255 255 255 / 0.93579210 -0.94918970
				6.97724200 -1.53622800 1.31428100 / 0.99999980 0.00000000 0.00000000 / 255 255 255 255 / 0.30151750 -0.76165350
				6.55986700 -1.53622800 1.31428100 / -0.99999980 0.00000000 0.00000000 / 255 255 255 255 / 0.69848250 -0.76165350
				6.55986700 -1.63481800 1.53394200 / -1.00000000 0.00000000 0.00000000 / 255 255 255 255 / 0.71122030 -0.80538480
				6.55986700 -1.53622800 1.31428100 / -1.00000000 0.00000000 0.00000000 / 255 255 255 255 / 0.69848250 -0.76165350
				6.55986700 3.37297900 2.25627100 / -1.00000000 0.00000000 0.00000000 / 255 255 255 255 / 0.06420780 -0.94918970
				-6.62267200 -0.94651960 0.26918960 / 1.00000000 0.00000000 0.00000000 / 255 255 255 255 / 0.37770890 -0.55359160
				-6.62267200 -1.11037000 0.51142100 / 1.00000000 0.00000000 0.00000000 / 255 255 255 255 / 0.35653930 -0.60181620
				-6.62267200 -0.94651960 0.26918960 / 1.00000000 0.00000000 0.00000000 / 255 255 255 255 / 0.37770890 -0.55359160
				-6.62267200 3.37297900 1.11358900 / 1.00000000 0.00000000 0.00000000 / 255 255 255 255 / 0.93579260 -0.72169890
				-6.62267200 -3.37834600 -2.27813900 / 1.00000000 0.00000000 0.00000000 / 255 255 255 255 / 0.06351440 -0.04645690
				-6.62267200 -1.63481800 1.53394200 / 1.00000000 0.00000000 0.00000000 / 255 255 255 255 / 0.28878010 -0.80538480
				-6.62267200 -3.61274000 -2.27813900 / 1.00000000 0.00000000 0.00000000 / 255 255 255 255 / 0.03323050 -0.04645690
				-6.62267200 -1.53622800 1.31428100 / 1.00000000 0.00000000 0.00000000 / 255 255 255 255 / 0.30151800 -0.76165350
				-7.04004700 -3.37834600 -2.27813900 / -1.00000000 0.00000000 0.00000000 / 255 255 255 255 / 0.93648560 -0.04645690
				-7.04004700 -1.63481800 1.53394200 / -1.00000000 0.00000000 0.00000000 / 255 255 255 255 / 0.71121990 -0.80538480
				-7.04004700 -1.53622800 1.31428100 / -1.00000000 0.00000000 0.00000000 / 255 255 255 255 / 0.69848200 -0.76165350
				-7.04004700 -3.61274000 -2.27813900 / -1.00000000 0.00000000 0.00000000 / 255 255 255 255 / 0.96676950 -0.04645690
				-7.04004700 -3.61274000 -2.27813900 / 0.00000000 -0.88763200 0.46055340 / 255 255 255 255 / -0.25452130 -0.04645690
				-6.62267200 -1.63481800 1.53394200 / 0.00000000 -0.88763200 0.46055340 / 255 255 255 255 / -0.20978880 -0.80538480
				-7.04004700 -1.63481800 1.53394200 / 0.00000000 -0.88763200 0.46055340 / 255 255 255 255 / -0.25452130 -0.80538480
				-6.62267200 -3.61274000 -2.27813900 / 0.00000000 -0.88763200 0.46055340 / 255 255 255 255 / -0.20978890 -0.04645690
				-6.62267200 3.37297900 2.25627100 / 0.00000000 -0.14276340 0.98975680 / 255 255 255 255 / -0.20978870 -0.93579260
				-7.04004700 -1.63481800 1.53394200 / 0.00000000 -0.14276340 0.98975680 / 255 255 255 255 / -0.25452130 -0.28878010
				-6.62267200 -1.63481800 1.53394200 / 0.00000000 -0.14276340 0.98975680 / 255 255 255 255 / -0.20978880 -0.28878010
				-7.04004700 3.37297900 2.25627100 / 0.00000000 -0.14276340 0.98975680 / 255 255 255 255 / -0.25452110 -0.93579260
				-6.62267200 3.37297900 2.25627100 / 0.99999980 0.00000000 0.00000000 / 255 255 255 255 / 0.93579260 -0.94918970
				-6.62267200 3.37297900 2.02816100 / 1.00000000 0.00000000 0.00000000 / 255 255 255 255 / 0.93579260 -0.90377630
				-7.04004700 3.37297900 2.25627100 / -0.99999980 0.00000000 0.00000000 / 255 255 255 255 / 0.06420740 -0.94918970
				-7.04004700 3.37297900 2.02816100 / -1.00000000 0.00000000 0.00000000 / 255 255 255 255 / 0.06420740 -0.90377630
				-7.04004700 -1.11037000 0.51142100 / -1.00000000 0.00000000 0.00000000 / 255 255 255 255 / 0.64346080 -0.60181620
				-7.04004700 -2.26194900 -2.27813900 / -1.00000000 0.00000000 0.00000000 / 255 255 255 255 / 0.79224600 -0.04645690
				-7.04004700 -2.52016400 -2.27813900 / -1.00000000 0.00000000 0.00000000 / 255 255 255 255 / 0.82560750 -0.04645690
				-7.04004700 -0.94651960 0.26918960 / -1.00000000 0.00000000 0.00000000 / 255 255 255 255 / 0.62229110 -0.55359160
				-6.62267200 -2.26194900 -2.27813900 / 1.00000000 0.00000000 0.00000000 / 255 255 255 255 / 0.20775410 -0.04645690
				-6.62267200 -1.11037000 0.51142100 / 1.00000000 0.00000000 0.00000000 / 255 255 255 255 / 0.35653930 -0.60181620
				-6.62267200 -2.52016400 -2.27813900 / 1.00000000 0.00000000 0.00000000 / 255 255 255 255 / 0.17439250 -0.04645690
				-6.62267200 -0.94651960 0.26918960 / 1.00000000 0.00000000 0.00000000 / 255 255 255 255 / 0.37770890 -0.55359160
				6.55986700 -0.94651960 0.26918960 / -1.00000000 0.00000000 0.00000000 / 255 255 255 255 / 0.62229160 -0.55359160
				6.55986700 3.37297900 1.11358900 / -1.00000000 0.00000000 0.00000000 / 255 255 255 255 / 0.06420780 -0.72169890
				6.55986700 3.37297900 0.75600240 / -1.00000000 0.00000000 0.00000000 / 255 255 255 255 / 0.06420780 -0.65050860
				6.55986700 -1.11037000 0.51142100 / -1.00000000 0.00000000 0.00000000 / 255 255 255 255 / 0.64346120 -0.60181620
				6.55986700 -2.26194900 -2.27813900 / -1.00000000 0.00000000 0.00000000 / 255 255 255 255 / 0.79224630 -0.04645690
				6.55986700 -2.52016400 -2.27813900 / -1.00000000 0.00000000 0.00000000 / 255 255 255 255 / 0.82560800 -0.04645690
				6.97724200 -2.26194900 -2.27813900 / 1.00000000 0.00000000 0.00000000 / 255 255 255 255 / 0.20775370 -0.04645690
				6.97724200 -1.11037000 0.51142100 / 1.00000000 0.00000000 0.00000000 / 255 255 255 255 / 0.35653880 -0.60181620
				6.97724200 -2.52016400 -2.27813900 / 1.00000000 0.00000000 0.00000000 / 255 255 255 255 / 0.17439200 -0.04645690
				6.97724200 -0.94651960 0.26918960 / 1.00000000 0.00000000 0.00000000 / 255 255 255 255 / 0.37770850 -0.55359160
				6.46604900 -3.86993800 -2.51336300 / 0.00000000 0.00000000 1.00000000 / 255 255 255 255 / 1.19300200 0.00000020
				-6.52885400 -3.86993800 -2.51336300 / 0.00000000 0.00000000 1.00000000 / 255 255 255 255 / -0.19973390 -0.00000020
				-6.52885400 -3.86993800 -2.51336300 / -1.00000000 0.00000000 0.00000000 / 255 255 255 255 / 0.99999980 0.00037260
				-6.52885400 -3.61274000 -2.35531900 / -1.00000000 0.00000000 0.00000000 / 255 255 255 255 / 0.96676950 -0.03109150
				-6.52885400 -3.61274000 -2.51336300 / -1.00000000 0.00000000 0.00000000 / 255 255 255 255 / 0.96676950 0.00037260
				-6.52885400 -3.86993800 -2.35531900 / -1.00000000 0.00000000 0.00000000 / 255 255 255 255 / 0.99999980 -0.03109150
				-6.52885400 -3.86993800 -2.51336300 / 0.00000000 -1.00000000 0.00000000 / 255 255 255 255 / -0.19973390 0.00037260
				6.46604900 -3.86993800 -2.35531900 / 0.00000000 -1.00000000 0.00000000 / 255 255 255 255 / 1.19300200 -0.03109150
				-6.52885400 -3.86993800 -2.35531900 / 0.00000000 -1.00000000 0.00000000 / 255 255 255 255 / -0.19973390 -0.03109150
				6.46604900 -3.86993800 -2.51336300 / 0.00000000 -1.00000000 0.00000000 / 255 255 255 255 / 1.19300200 0.00037260
				6.46604900 -3.61274000 -2.51336300 / 1.00000000 0.00000000 0.00000000 / 255 255 255 255 / 0.03323010 0.00037260
				6.46604900 -3.86993800 -2.35531900 / 1.00000000 0.00000000 0.00000000 / 255 255 255 255 / -0.00000020 -0.03109150
				6.46604900 -3.86993800 -2.51336300 / 1.00000000 0.00000000 0.00000000 / 255 255 255 255 / -0.00000020 0.00037260
				6.46604900 -3.61274000 -2.35531900 / 1.00000000 0.00000000 0.00000000 / 255 255 255 255 / 0.03323010 -0.03109150
				-6.52885400 -3.61274000 -2.35531900 / 0.00000000 0.00000000 1.00000000 / 255 255 255 255 / -0.19973390 -0.03323050
				6.46604900 -3.86993800 -2.35531900 / 0.00000000 0.00000000 1.00000000 / 255 255 255 255 / 1.19300200 0.00000020
				6.46604900 -3.61274000 -2.35531900 / 0.00000000 0.00000000 1.00000000 / 255 255 255 255 / 1.19300200 -0.03323010
				-6.52885400 -3.86993800 -2.35531900 / 0.00000000 0.00000000 1.00000000 / 255 255 255 255 / -0.19973390 -0.00000020
				6.97724200 -1.63481800 1.53394200 / 1.00000000 0.00000000 0.00000000 / 255 255 255 255 / 0.28877970 -0.80538480
				6.97724200 -3.61274000 -2.27813900 / 1.00000000 0.00000000 0.00000000 / 255 255 255 255 / 0.03323010 -0.04645690
				6.97724200 -1.53622800 1.31428100 / 1.00000000 0.00000000 0.00000000 / 255 255 255 255 / 0.30151750 -0.76165350
				6.55986700 -1.42050900 1.02495900 / -1.00000000 0.00000000 0.00000000 / 255 255 255 255 / 0.68353150 -0.70405380
				6.55986700 -2.82204000 -2.27813900 / -1.00000000 0.00000000 0.00000000 / 255 255 255 255 / 0.86461070 -0.04645690
				6.55986700 -3.12670100 -2.27813900 / -1.00000000 0.00000000 0.00000000 / 255 255 255 255 / 0.90397320 -0.04645690
				6.55986700 -1.31553800 0.77470780 / -1.00000000 0.00000000 0.00000000 / 255 255 255 255 / 0.66996910 -0.65423260
				6.55986700 3.37297900 1.70943400 / -1.00000000 0.00000000 0.00000000 / 255 255 255 255 / 0.06420780 -0.84032250
				6.97724200 -1.42050900 1.02495900 / 1.00000000 0.00000000 0.00000000 / 255 255 255 255 / 0.31646850 -0.70405380
				6.97724200 -1.31553800 0.77470780 / 1.00000000 0.00000000 0.00000000 / 255 255 255 255 / 0.33003090 -0.65423260
				6.55986700 3.37297900 1.43581500 / -0.99999980 0.00000000 0.00000000 / 255 255 255 255 / 0.06420780 -0.78584910
				-6.62267200 3.37297900 1.70943400 / 1.00000000 0.00000000 0.00000000 / 255 255 255 255 / 0.93579260 -0.84032250
				-6.62267200 3.37297900 1.43581500 / 0.99999980 0.00000000 0.00000000 / 255 255 255 255 / 0.93579260 -0.78584910
				6.55986700 -3.37834600 -2.27813900 / -1.00000000 0.00000000 0.00000000 / 255 255 255 255 / 0.93648600 -0.04645690
				6.55986700 -1.63481800 1.53394200 / -1.00000000 0.00000000 0.00000000 / 255 255 255 255 / 0.71122030 -0.80538480
				6.55986700 -1.53622800 1.31428100 / -1.00000000 0.00000000 0.00000000 / 255 255 255 255 / 0.69848250 -0.76165350
				6.55986700 -3.61274000 -2.27813900 / -1.00000000 0.00000000 0.00000000 / 255 255 255 255 / 0.96676990 -0.04645690
				6.55986700 -3.61274000 -2.27813900 / 0.00000000 -0.88763200 0.46055340 / 255 255 255 255 / 1.20305700 -0.04645690
				6.97724200 -1.63481800 1.53394200 / 0.00000000 -0.88763200 0.46055340 / 255 255 255 255 / 1.24779000 -0.80538480
				6.55986700 -1.63481800 1.53394200 / 0.00000000 -0.88763200 0.46055340 / 255 255 255 255 / 1.20305700 -0.80538480
				6.97724200 -3.61274000 -2.27813900 / 0.00000000 -0.88763200 0.46055340 / 255 255 255 255 / 1.24779000 -0.04645690
				6.97724200 -1.63481800 1.53394200 / 0.00000000 -0.14276340 0.98975680 / 255 255 255 255 / 1.24779000 -0.28877970
				6.55986700 3.37297900 2.25627100 / 0.00000000 -0.14276340 0.98975680 / 255 255 255 255 / 1.20305700 -0.93579220
				6.55986700 -1.63481800 1.53394200 / 0.00000000 -0.14276340 0.98975680 / 255 255 255 255 / 1.20305700 -0.28877970
				6.97724200 3.37297900 2.25627100 / 0.00000000 -0.14276340 0.98975680 / 255 255 255 255 / 1.24779000 -0.93579210
				6.55986700 3.37297900 2.25627100 / -0.99999980 0.00000000 0.00000000 / 255 255 255 255 / 0.06420780 -0.94918970
				6.55986700 3.37297900 2.02816100 / -1.00000000 0.00000000 0.00000000 / 255 255 255 255 / 0.06420780 -0.90377630
				-6.62267200 3.37297900 1.11358900 / 1.00000000 0.00000000 0.00000000 / 255 255 255 255 / 0.93579260 -0.72169890
				-6.62267200 3.37297900 0.80887720 / 1.00000000 0.00000000 0.00000000 / 255 255 255 255 / 0.93579260 -0.66103530
				-7.04004700 -1.42050900 1.02495900 / -0.99999980 0.00000000 0.00000000 / 255 255 255 255 / 0.68353100 -0.70405380
				-7.04004700 -2.82204000 -2.27813900 / -1.00000000 0.00000000 0.00000000 / 255 255 255 255 / 0.86461020 -0.04645690
				-7.04004700 -1.42050900 1.02495900 / -1.00000000 0.00000000 0.00000000 / 255 255 255 255 / 0.68353100 -0.70405380
				-7.04004700 -1.31553800 0.77470780 / -1.00000000 0.00000000 0.00000000 / 255 255 255 255 / 0.66996860 -0.65423260
				-6.62267200 -2.82204000 -2.27813900 / 1.00000000 0.00000000 0.00000000 / 255 255 255 255 / 0.13538970 -0.04645690
				-6.62267200 -1.42050900 1.02495900 / 0.99999980 0.00000000 0.00000000 / 255 255 255 255 / 0.31646900 -0.70405380
				-6.62267200 -3.37834600 -2.27813900 / 1.00000000 0.00000000 0.00000000 / 255 255 255 255 / 0.06351440 -0.04645690
				-6.62267200 -1.63481800 1.53394200 / 0.99999980 0.00000000 0.00000000 / 255 255 255 255 / 0.28878010 -0.80538480
				-7.04004700 -3.37834600 -2.27813900 / -1.00000000 0.00000000 0.00000000 / 255 255 255 255 / 0.93648560 -0.04645690
				-7.04004700 -1.63481800 1.53394200 / -1.00000000 0.00000000 0.00000000 / 255 255 255 255 / 0.71121990 -0.80538480
				-7.04004700 -3.61274000 -2.27813900 / 0.00000000 -0.88763200 0.46055340 / 255 255 255 255 / -0.25452130 -0.04645690
				-6.62267200 -1.63481800 1.53394200 / 0.00000000 -0.88763200 0.46055340 / 255 255 255 255 / -0.20978880 -0.80538480
				-6.62267200 3.37297900 2.25627100 / 0.00000000 -0.14276340 0.98975680 / 255 255 255 255 / -0.20978870 -0.93579260
				-7.04004700 -1.63481800 1.53394200 / 0.00000000 -0.14276340 0.98975680 / 255 255 255 255 / -0.25452130 -0.28878010
				-6.62267200 -1.53622800 1.31428100 / 0.99999980 0.00000000 0.00000000 / 255 255 255 255 / 0.30151800 -0.76165350
				-6.62267200 -1.63481800 1.53394200 / 1.00000000 0.00000000 0.00000000 / 255 255 255 255 / 0.28878010 -0.80538480
				-6.62267200 -1.53622800 1.31428100 / 1.00000000 0.00000000 0.00000000 / 255 255 255 255 / 0.30151800 -0.76165350
				-6.62267200 3.37297900 2.25627100 / 1.00000000 0.00000000 0.00000000 / 255 255 255 255 / 0.93579260 -0.94918970
				-7.04004700 -1.53622800 1.31428100 / -0.99999980 0.00000000 0.00000000 / 255 255 255 255 / 0.69848200 -0.76165350
				-7.04004700 -1.63481800 1.53394200 / -1.00000000 0.00000000 0.00000000 / 255 255 255 255 / 0.71121990 -0.80538480
				-7.04004700 -1.53622800 1.31428100 / -1.00000000 0.00000000 0.00000000 / 255 255 255 255 / 0.69848200 -0.76165350
				-7.04004700 3.37297900 2.25627100 / -1.00000000 0.00000000 0.00000000 / 255 255 255 255 / 0.06420740 -0.94918970
			}
		}
		Geometry
		{
			ShaderIndex 2
			Flags -
			VertexDeclaration N209731BE
			Indices 120
			{
				10 11 12 111 110 13 16 19 24 113 112 29 38 39 40
				115 114 41 42 43 44 117 116 45 46 47 48 119 118 49
				50 51 52 1 0 53 54 55 56 3 2 57 58 59 60
				5 4 61 62 63 64 7 6 65 66 67 68 9 8 69
				70 71 72 15 14 73 74 75 76 18 17 77 78 79 80
				21 20 81 82 83 84 23 22 85 86 87 88 26 25 89
				90 91 92 28 27 93 94 95 96 31 30 97 98 99 100
				33 32 101 102 103 104 35 34 105 106 107 108 37 36 109
			}
			Vertices 120
			{
				-7.04004700 -1.11037000 0.51142100 / 0.00000000 -0.13311680 0.99110030 / 255 255 255 255 / -0.25452130 -0.35653930
				-6.62267200 3.37297900 1.11358900 / 0.00000000 -0.13311680 0.99110040 / 255 255 255 255 / -0.20978870 -0.93579260
				-7.04004700 -2.52016400 -2.27813900 / 0.00000000 -0.89249750 0.45105240 / 255 255 255 255 / -0.25452130 -0.04645690
				-6.62267200 -1.11037000 0.51142100 / 0.00000000 -0.89249750 0.45105230 / 255 255 255 255 / -0.20978880 -0.60181620
				-6.62267200 -2.26194900 -2.27813900 / 0.00000000 0.88852410 -0.45883000 / 255 255 255 255 / 1.20978900 -0.04645690
				-7.04004700 -0.94651960 0.26918960 / 0.00000000 0.88852410 -0.45883000 / 255 255 255 255 / 1.25452100 -0.55359160
				-7.04004700 -0.94651960 0.26918960 / 0.00000000 0.12397830 -0.99228500 / 255 255 255 255 / 1.25452100 -0.37770890
				-6.62267200 3.37297900 0.80887720 / 0.00000000 0.12397830 -0.99228500 / 255 255 255 255 / 1.20978900 -0.93579260
				6.97724200 -2.26194900 -2.27813900 / 0.00000000 0.88852410 -0.45883000 / 255 255 255 255 / -0.24778950 -0.04645690
				6.55986700 -0.94651960 0.26918960 / 0.00000000 0.88852410 -0.45883000 / 255 255 255 255 / -0.20305720 -0.55359160
				-7.04004700 -1.42050900 1.02495900 / 0.00000000 -0.14135880 0.98995840 / 255 255 255 255 / -0.25452130 -0.31646900
				-6.62267200 3.37297900 1.70943400 / 0.00000000 -0.14135880 0.98995840 / 255 255 255 255 / -0.20978870 -0.93579260
				-7.04004700 3.37297900 1.70943400 / 0.00000000 -0.14135880 0.98995840 / 255 255 255 255 / -0.25452110 -0.93579260
				-6.62267200 -1.42050900 1.02495900 / 0.00000000 -0.14135880 0.98995840 / 255 255 255 255 / -0.20978880 -0.31646900
				6.97724200 -3.37834600 -2.27813900 / 0.00000000 0.88983240 -0.45628750 / 255 255 255 255 / -0.24778950 -0.04645690
				6.55986700 -1.53622800 1.31428100 / 0.00000000 0.88983240 -0.45628750 / 255 255 255 255 / -0.20305710 -0.76165350
				-7.04004700 -3.12670100 -2.27813900 / 0.00000000 -0.88847060 0.45893330 / 255 255 255 255 / -0.25452130 -0.04645690
				6.97724200 -1.42050900 1.02495900 / 0.00000000 -0.14135880 0.98995840 / 255 255 255 255 / 1.24779000 -0.31646850
				6.55986700 3.37297900 1.70943400 / 0.00000000 -0.14135880 0.98995840 / 255 255 255 255 / 1.20305700 -0.93579220
				-6.62267200 -1.42050900 1.02495900 / 0.00000000 -0.88847070 0.45893330 / 255 255 255 255 / -0.20978880 -0.70405380
				6.97724200 -1.42050900 1.02495900 / 0.00000000 -0.88847070 0.45893330 / 255 255 255 255 / 1.24779000 -0.70405380
				6.55986700 -3.12670100 -2.27813900 / 0.00000000 -0.88847060 0.45893330 / 255 255 255 255 / 1.20305700 -0.04645690
				6.97724200 -2.82204000 -2.27813900 / 0.00000000 0.89675560 -0.44252600 / 255 255 255 255 / -0.24778950 -0.04645690
				6.55986700 -1.31553800 0.77470780 / 0.00000000 0.89675570 -0.44252600 / 255 255 255 255 / -0.20305710 -0.65423260
				-7.04004700 -1.42050900 1.02495900 / 0.00000000 -0.88847080 0.45893330 / 255 255 255 255 / -0.25452130 -0.70405380
				6.97724200 -1.11037000 0.51142100 / 0.00000000 -0.89249750 0.45105240 / 255 255 255 255 / 1.24779000 -0.60181620
				6.55986700 -2.52016400 -2.27813900 / 0.00000000 -0.89249750 0.45105230 / 255 255 255 255 / 1.20305700 -0.04645690
				6.97724200 -1.11037000 0.51142100 / 0.00000000 -0.13311680 0.99110040 / 255 255 255 255 / 1.24779000 -0.35653880
				6.55986700 3.37297900 1.11358900 / 0.00000000 -0.13311680 0.99110030 / 255 255 255 255 / 1.20305700 -0.93579220
				-6.62267200 -3.12670100 -2.27813900 / 0.00000000 -0.88847080 0.45893330 / 255 255 255 255 / -0.20978890 -0.04645690
				6.55986700 -0.94651960 0.26918960 / 0.00000000 0.11199220 -0.99370910 / 255 255 255 255 / -0.20305720 -0.37770850
				6.97724200 3.37297900 0.75600240 / 0.00000000 0.11199220 -0.99370910 / 255 255 255 255 / -0.24778960 -0.93579210
				6.55986700 -1.31553800 0.77470780 / 0.00000000 0.13962440 -0.99020450 / 255 255 255 255 / -0.20305710 -0.33003090
				6.97724200 3.37297900 1.43581500 / 0.00000000 0.13962440 -0.99020450 / 255 255 255 255 / -0.24778960 -0.93579210
				-6.62267200 3.37297900 1.43581500 / 0.00000000 0.13962440 -0.99020450 / 255 255 255 255 / 1.20978900 -0.93579260
				-7.04004700 -1.31553800 0.77470780 / 0.00000000 0.13962440 -0.99020450 / 255 255 255 255 / 1.25452100 -0.33003140
				6.55986700 -1.53622800 1.31428100 / 0.00000000 0.14390300 -0.98959180 / 255 255 255 255 / -0.20305710 -0.30151750
				6.97724200 3.37297900 2.02816100 / 0.00000000 0.14390300 -0.98959180 / 255 255 255 255 / -0.24778960 -0.93579210
				-6.62267200 -2.82204000 -2.27813900 / 0.00000000 0.89675570 -0.44252600 / 255 255 255 255 / 1.20978900 -0.04645690
				-7.04004700 -1.31553800 0.77470780 / 0.00000000 0.89675560 -0.44252600 / 255 255 255 255 / 1.25452100 -0.65423260
				-6.62267200 -1.31553800 0.77470780 / 0.00000000 0.89675570 -0.44252610 / 255 255 255 255 / 1.20978900 -0.65423260
				-7.04004700 -2.82204000 -2.27813900 / 0.00000000 0.89675570 -0.44252610 / 255 255 255 255 / 1.25452100 -0.04645690
				-6.62267200 -3.37834600 -2.27813900 / 0.00000000 0.88983240 -0.45628750 / 255 255 255 255 / 1.20978900 -0.04645690
				-7.04004700 -1.53622800 1.31428100 / 0.00000000 0.88983240 -0.45628750 / 255 255 255 255 / 1.25452100 -0.76165350
				-6.62267200 -1.53622800 1.31428100 / 0.00000000 0.88983240 -0.45628750 / 255 255 255 255 / 1.20978900 -0.76165350
				-7.04004700 -3.37834600 -2.27813900 / 0.00000000 0.88983240 -0.45628750 / 255 255 255 255 / 1.25452100 -0.04645690
				-7.04004700 -1.53622800 1.31428100 / 0.00000000 0.14390300 -0.98959180 / 255 255 255 255 / 1.25452100 -0.30151800
				-6.62267200 3.37297900 2.02816100 / 0.00000000 0.14390300 -0.98959180 / 255 255 255 255 / 1.20978900 -0.93579260
				-6.62267200 -1.53622800 1.31428100 / 0.00000000 0.14390300 -0.98959180 / 255 255 255 255 / 1.20978900 -0.30151800
				-7.04004700 3.37297900 2.02816100 / 0.00000000 0.14390300 -0.98959180 / 255 255 255 255 / 1.25452100 -0.93579260
				-7.04004700 -1.11037000 0.51142100 / 0.00000000 -0.13311680 0.99110040 / 255 255 255 255 / -0.25452130 -0.35653930
				-6.62267200 3.37297900 1.11358900 / 0.00000000 -0.13311680 0.99110030 / 255 255 255 255 / -0.20978870 -0.93579260
				-7.04004700 3.37297900 1.11358900 / 0.00000000 -0.13311680 0.99110030 / 255 255 255 255 / -0.25452110 -0.93579260
				-6.62267200 -1.11037000 0.51142100 / 0.00000000 -0.13311680 0.99110030 / 255 255 255 255 / -0.20978880 -0.35653930
				-7.04004700 -2.52016400 -2.27813900 / 0.00000000 -0.89249750 0.45105230 / 255 255 255 255 / -0.25452130 -0.04645690
				-6.62267200 -1.11037000 0.51142100 / 0.00000000 -0.89249750 0.45105240 / 255 255 255 255 / -0.20978880 -0.60181620
				-7.04004700 -1.11037000 0.51142100 / 0.00000000 -0.89249750 0.45105230 / 255 255 255 255 / -0.25452130 -0.60181620
				-6.62267200 -2.52016400 -2.27813900 / 0.00000000 -0.89249750 0.45105230 / 255 255 255 255 / -0.20978890 -0.04645690
				-6.62267200 -2.26194900 -2.27813900 / 0.00000000 0.88852410 -0.45883000 / 255 255 255 255 / 1.20978900 -0.04645690
				-7.04004700 -0.94651960 0.26918960 / 0.00000000 0.88852410 -0.45883000 / 255 255 255 255 / 1.25452100 -0.55359160
				-6.62267200 -0.94651960 0.26918960 / 0.00000000 0.88852410 -0.45883000 / 255 255 255 255 / 1.20978900 -0.55359160
				-7.04004700 -2.26194900 -2.27813900 / 0.00000000 0.88852410 -0.45883000 / 255 255 255 255 / 1.25452100 -0.04645690
				-7.04004700 -0.94651960 0.26918960 / 0.00000000 0.12397830 -0.99228500 / 255 255 255 255 / 1.25452100 -0.37770890
				-6.62267200 3.37297900 0.80887720 / 0.00000000 0.12397830 -0.99228500 / 255 255 255 255 / 1.20978900 -0.93579260
				-6.62267200 -0.94651960 0.26918960 / 0.00000000 0.12397830 -0.99228490 / 255 255 255 255 / 1.20978900 -0.37770890
				-7.04004700 3.37297900 0.80887720 / 0.00000000 0.12397830 -0.99228490 / 255 255 255 255 / 1.25452100 -0.93579260
				6.97724200 -2.26194900 -2.27813900 / 0.00000000 0.88852410 -0.45883000 / 255 255 255 255 / -0.24778950 -0.04645690
				6.55986700 -0.94651960 0.26918960 / 0.00000000 0.88852410 -0.45883000 / 255 255 255 255 / -0.20305720 -0.55359160
				6.97724200 -0.94651960 0.26918960 / 0.00000000 0.88852410 -0.45883000 / 255 255 255 255 / -0.24778960 -0.55359160
				6.55986700 -2.26194900 -2.27813900 / 0.00000000 0.88852410 -0.45883000 / 255 255 255 255 / -0.20305710 -0.04645690
				6.97724200 -3.37834600 -2.27813900 / 0.00000000 0.88983240 -0.45628750 / 255 255 255 255 / -0.24778950 -0.04645690
				6.55986700 -1.53622800 1.31428100 / 0.00000000 0.88983240 -0.45628750 / 255 255 255 255 / -0.20305710 -0.76165350
				6.97724200 -1.53622800 1.31428100 / 0.00000000 0.88983240 -0.45628750 / 255 255 255 255 / -0.24778950 -0.76165350
				6.55986700 -3.37834600 -2.27813900 / 0.00000000 0.88983240 -0.45628750 / 255 255 255 255 / -0.20305710 -0.04645690
				6.97724200 -1.42050900 1.02495900 / 0.00000000 -0.14135880 0.98995840 / 255 255 255 255 / 1.24779000 -0.31646850
				6.55986700 3.37297900 1.70943400 / 0.00000000 -0.14135880 0.98995840 / 255 255 255 255 / 1.20305700 -0.93579220
				6.55986700 -1.42050900 1.02495900 / 0.00000000 -0.14135880 0.98995840 / 255 255 255 255 / 1.20305700 -0.31646850
				6.97724200 3.37297900 1.70943400 / 0.00000000 -0.14135880 0.98995840 / 255 255 255 255 / 1.24779000 -0.93579210
				6.97724200 -1.42050900 1.02495900 / 0.00000000 -0.88847060 0.45893330 / 255 255 255 255 / 1.24779000 -0.70405380
				6.55986700 -3.12670100 -2.27813900 / 0.00000000 -0.88847070 0.45893330 / 255 255 255 255 / 1.20305700 -0.04645690
				6.97724200 -3.12670100 -2.27813900 / 0.00000000 -0.88847080 0.45893330 / 255 255 255 255 / 1.24779000 -0.04645690
				6.55986700 -1.42050900 1.02495900 / 0.00000000 -0.88847080 0.45893330 / 255 255 255 255 / 1.20305700 -0.70405380
				6.97724200 -2.82204000 -2.27813900 / 0.00000000 0.89675570 -0.44252600 / 255 255 255 255 / -0.24778950 -0.04645690
				6.55986700 -1.31553800 0.77470780 / 0.00000000 0.89675560 -0.44252600 / 255 255 255 255 / -0.20305710 -0.65423260
				6.97724200 -1.31553800 0.77470780 / 0.00000000 0.89675570 -0.44252610 / 255 255 255 255 / -0.24778950 -0.65423260
				6.55986700 -2.82204000 -2.27813900 / 0.00000000 0.89675570 -0.44252610 / 255 255 255 255 / -0.20305710 -0.04645690
				6.97724200 -1.11037000 0.51142100 / 0.00000000 -0.89249750 0.45105230 / 255 255 255 255 / 1.24779000 -0.60181620
				6.55986700 -2.52016400 -2.27813900 / 0.00000000 -0.89249750 0.45105240 / 255 255 255 255 / 1.20305700 -0.04645690
				6.97724200 -2.52016400 -2.27813900 / 0.00000000 -0.89249750 0.45105230 / 255 255 255 255 / 1.24779000 -0.04645690
				6.55986700 -1.11037000 0.51142100 / 0.00000000 -0.89249750 0.45105230 / 255 255 255 255 / 1.20305700 -0.60181620
				6.97724200 -1.11037000 0.51142100 / 0.00000000 -0.13311680 0.99110030 / 255 255 255 255 / 1.24779000 -0.35653880
				6.55986700 3.37297900 1.11358900 / 0.00000000 -0.13311680 0.99110040 / 255 255 255 255 / 1.20305700 -0.93579220
				6.55986700 -1.11037000 0.51142100 / 0.00000000 -0.13311680 0.99110030 / 255 255 255 255 / 1.20305700 -0.35653880
				6.97724200 3.37297900 1.11358900 / 0.00000000 -0.13311680 0.99110030 / 255 255 255 255 / 1.24779000 -0.93579210
				6.55986700 -0.94651960 0.26918960 / 0.00000000 0.11199220 -0.99370910 / 255 255 255 255 / -0.20305720 -0.37770850
				6.97724200 3.37297900 0.75600240 / 0.00000000 0.11199220 -0.99370910 / 255 255 255 255 / -0.24778960 -0.93579210
				6.97724200 -0.94651960 0.26918960 / 0.00000000 0.11199220 -0.99370910 / 255 255 255 255 / -0.24778960 -0.37770850
				6.55986700 3.37297900 0.75600240 / 0.00000000 0.11199220 -0.99370910 / 255 255 255 255 / -0.20305720 -0.93579220
				6.55986700 -1.31553800 0.77470780 / 0.00000000 0.13962440 -0.99020450 / 255 255 255 255 / -0.20305710 -0.33003090
				6.97724200 3.37297900 1.43581500 / 0.00000000 0.13962440 -0.99020450 / 255 255 255 255 / -0.24778960 -0.93579210
				6.97724200 -1.31553800 0.77470780 / 0.00000000 0.13962440 -0.99020460 / 255 255 255 255 / -0.24778950 -0.33003090
				6.55986700 3.37297900 1.43581500 / 0.00000000 0.13962440 -0.99020460 / 255 255 255 255 / -0.20305720 -0.93579220
				-6.62267200 3.37297900 1.43581500 / 0.00000000 0.13962440 -0.99020450 / 255 255 255 255 / 1.20978900 -0.93579260
				-7.04004700 -1.31553800 0.77470780 / 0.00000000 0.13962440 -0.99020450 / 255 255 255 255 / 1.25452100 -0.33003140
				-7.04004700 3.37297900 1.43581500 / 0.00000000 0.13962440 -0.99020460 / 255 255 255 255 / 1.25452100 -0.93579260
				-6.62267200 -1.31553800 0.77470780 / 0.00000000 0.13962440 -0.99020460 / 255 255 255 255 / 1.20978900 -0.33003140
				6.55986700 -1.53622800 1.31428100 / 0.00000000 0.14390300 -0.98959180 / 255 255 255 255 / -0.20305710 -0.30151750
				6.97724200 3.37297900 2.02816100 / 0.00000000 0.14390300 -0.98959180 / 255 255 255 255 / -0.24778960 -0.93579210
				6.97724200 -1.53622800 1.31428100 / 0.00000000 0.14390300 -0.98959180 / 255 255 255 255 / -0.24778950 -0.30151750
				6.55986700 3.37297900 2.02816100 / 0.00000000 0.14390300 -0.98959180 / 255 255 255 255 / -0.20305720 -0.93579220
				-7.04004700 -1.42050900 1.02495900 / 0.00000000 -0.14135880 0.98995840 / 255 255 255 255 / -0.25452130 -0.31646900
				-6.62267200 3.37297900 1.70943400 / 0.00000000 -0.14135880 0.98995840 / 255 255 255 255 / -0.20978870 -0.93579260
				-7.04004700 -3.12670100 -2.27813900 / 0.00000000 -0.88847070 0.45893330 / 255 255 255 255 / -0.25452130 -0.04645690
				-6.62267200 -1.42050900 1.02495900 / 0.00000000 -0.88847060 0.45893330 / 255 255 255 255 / -0.20978880 -0.70405380
				-6.62267200 -2.82204000 -2.27813900 / 0.00000000 0.89675560 -0.44252600 / 255 255 255 255 / 1.20978900 -0.04645690
				-7.04004700 -1.31553800 0.77470780 / 0.00000000 0.89675570 -0.44252600 / 255 255 255 255 / 1.25452100 -0.65423260
				-6.62267200 -3.37834600 -2.27813900 / 0.00000000 0.88983240 -0.45628750 / 255 255 255 255 / 1.20978900 -0.04645690
				-7.04004700 -1.53622800 1.31428100 / 0.00000000 0.88983240 -0.45628750 / 255 255 255 255 / 1.25452100 -0.76165350
				-7.04004700 -1.53622800 1.31428100 / 0.00000000 0.14390300 -0.98959180 / 255 255 255 255 / 1.25452100 -0.30151800
				-6.62267200 3.37297900 2.02816100 / 0.00000000 0.14390300 -0.98959180 / 255 255 255 255 / 1.20978900 -0.93579260
			}
		}
	}
}
